2763,66.529 ,16.7555,66.4138,16.315 ,66.3503,15.9322,66.3075,15.544 ,66.2769,15.1553,66.2345,14.6888,66.2068,14.2996,66.1833,13.9106,66.1717,13.5216,66.1673,13.1337,66.2024,12.6718,66.246 ,12.3307,66.529 ,16.7555,66.7971,16.3232,66.7992,15.9447,66.7734,15.5663,66.767 ,15.1876,66.7444,14.7334,66.7146,14.3551,66.6676,13.9778,66.6345,13.5997,66.5762,13.2231,66.5197,12.7703,66.246 ,12.3307,65.8703,12.7255,65.7544,13.1992,65.7146,13.5987,65.705 ,13.9992,65.7058,14.3998,65.7368,14.7999,65.7987,15.2785,65.8537,15.6772,65.9206,16.075 ,66.0602,16.4528,66.2568,-14.5973,-1.50542,660,143355,54.5504,12.3565,131.941,0
2764,66.4599,16.5863,66.3696,16.1107,66.3165,15.7172,66.2825,15.3213,66.2466,14.925 ,66.2157,14.5282,66.1973,14.1312,66.1799,13.7342,66.1623,13.2584,66.1725,12.8632,66.2379,12.4727,66.3219,12.1167,66.4599,16.5863,66.755 ,16.1469,66.7673,15.7575,66.7673,15.3678,66.7569,14.9782,66.7266,14.5891,66.6964,14.2   ,66.6608,13.8111,66.6138,13.3448,66.5633,12.9568,66.5456,12.5674,66.3219,12.1167,65.8977,12.5326,65.7699,12.9274,65.7164,13.3303,65.705 ,13.8162,65.705 ,14.2212,65.717 ,14.6261,65.7483,15.0305,65.8096,15.4332,65.8778,15.8353,66.0088,16.2279,66.2457,-14.4085,-1.52445,665,144976,55.1144,12.363 ,131.941,0
2765,66.4472,16.3972,66.3542,15.9478,66.3034,15.5615,66.2558,15.0937,66.2228,14.7031,66.196 ,14.3123,66.1821,13.843 ,66.1702,13.452 ,66.1768,13.0616,66.2344,12.5958,66.3312,12.2138,66.4546,11.8715,66.4472,16.3972,66.7476,15.991 ,66.7673,15.6128,66.7584,15.1589,66.7289,14.781 ,66.6994,14.4032,66.6716,13.9496,66.642 ,13.5718,66.6127,13.194 ,66.6039,12.74  ,66.6211,12.362 ,66.4546,11.8715,65.9962,12.217 ,65.8361,12.6055,65.7351,13.0851,65.6985,13.4885,65.6985,13.8927,65.7047,14.3777,65.7289,14.7815,65.7716,15.1846,65.8514,15.6663,65.9922,16.0506,66.2473,-14.1934,-1.54769,676,146010,56.0823,12.2356,135.598,0
2766,66.4473,16.1834,66.3539,15.7455,66.3057,15.3656,66.272 ,14.9803,66.2448,14.5169,66.2266,14.1305,66.212 ,13.744 ,66.2065,13.3579,66.2337,12.9723,66.3024,12.513 ,66.3875,12.1371,66.4792,11.8026,66.4473,16.1834,66.738 ,15.7657,66.7673,15.3942,66.7673,15.022 ,66.7673,14.5753,66.7539,14.2032,66.7249,13.8316,66.6944,13.4599,66.6792,13.0881,66.6793,12.6414,66.686 ,12.2692,66.4792,11.8026,66.0559,12.152 ,65.9015,12.5376,65.771 ,13.0103,65.7228,13.41  ,65.705 ,13.811 ,65.705 ,14.2123,65.7286,14.6132,65.789 ,15.0928,65.8594,15.4909,65.9954,15.8713,66.2733,-14.0514,-1.56664,664,141770,54.1629,12.8361,130.527,0
2767,66.4391,16.1736,66.3215,15.7663,66.2869,15.3392,66.272 ,14.9627,66.2605,14.5627,66.2519,14.1481,66.2488,13.73  ,66.2538,13.3265,66.2692,12.9529,66.3015,12.5242,66.3357,12.1434,66.3929,11.7551,66.4391,16.1736,66.6741,15.7981,66.736 ,15.387 ,66.7608,15.0242,66.7723,14.6406,66.7739,14.246 ,66.7677,13.8487,66.7549,13.4558,66.7363,13.0712,66.701 ,12.5987,66.6416,12.173 ,66.3929,11.7551,66.0225,12.1938,65.8942,12.5397,65.7965,12.9371,65.75  ,13.3093,65.7298,13.7298,65.7318,14.1697,65.7517,14.6012,65.7871,15.0122,65.843 ,15.3938,65.9814,15.8174,66.2829,-14.0007,-1.56969,635,137146,54.4861,12.7864,124.284,0
2768,66.4471,16.07  ,66.3578,15.6365,66.32  ,15.2598,66.3005,14.873 ,66.2741,14.4866,66.2508,14.0998,66.2267,13.6355,66.2306,13.249 ,66.2565,12.8639,66.3183,12.4814,66.3994,12.1027,66.4852,11.7586,66.4471,16.07  ,66.7295,15.6581,66.7797,15.2847,66.7803,14.9098,66.7798,14.5348,66.7673,14.1601,66.7475,13.7106,66.718 ,13.3363,66.689 ,12.9619,66.6856,12.587 ,66.686 ,12.2121,66.4852,11.7586,66.0776,12.1432,65.9231,12.5283,65.8096,12.9197,65.7368,13.316 ,65.7107,13.7152,65.7406,14.1942,65.7813,14.5928,65.8271,14.991 ,65.8735,15.3892,66.0086,15.7589,66.2912,-13.9762,-1.56922,640,137721,53.2507,12.6866,128.527,0
2769,66.4227,16.0955,66.3366,15.653 ,66.3052,15.2729,66.2873,14.885 ,66.2486,14.4202,66.2184,14.0325,66.2012,13.6445,66.2072,13.2565,66.2428,12.8698,66.3246,12.4108,66.403 ,12.0317,66.4656,11.6769,66.4227,16.0955,66.7144,15.6744,66.7666,15.2991,66.7673,14.9222,66.7554,14.4702,66.7263,14.0938,66.6977,13.7175,66.6856,13.3408,66.6856,12.9639,66.6856,12.5116,66.6833,12.1345,66.4656,11.6769,66.0956,12.0789,65.934 ,12.4626,65.782 ,12.9301,65.7229,13.3274,65.705 ,13.7268,65.7225,14.1262,65.7538,14.5254,65.8155,15.0029,65.8551,15.4016,65.9801,15.7794,66.2746,-13.9714,1.56807 ,646,139752,54.5227,12.2892,131.941,0
2770,66.3777,16.07  ,66.3282,15.6349,66.2944,15.253 ,66.2638,14.8628,66.2304,14.4723,66.2077,14.0813,66.1952,13.6119,66.2083,13.2208,66.245 ,12.8312,66.3079,12.4448,66.372 ,12.0611,66.4087,11.7016,66.3777,16.07  ,66.7125,15.6631,66.7673,15.2816,66.761 ,14.8982,66.7401,14.5152,66.7165,14.1321,66.6854,13.6726,66.6856,13.2891,66.6856,12.9057,66.6856,12.5222,66.6748,12.139 ,66.4087,11.7016,66.0538,12.1365,65.9053,12.522 ,65.7863,12.9123,65.7242,13.3089,65.705 ,13.7078,65.7045,14.1869,65.7328,14.5857,65.7784,14.9835,65.8392,15.3804,65.9611,15.7523,66.2647,-13.9646,1.56632 ,649,139919,53.7429,12.4017,129.941,0
2771,66.3594,16.0576,66.3083,15.6027,66.2808,15.2123,66.2553,14.8177,66.2349,14.4226,66.219 ,14.0273,66.2081,13.6318,66.211 ,13.2367,66.2445,12.8425,66.3013,12.4509,66.3601,12.0619,66.3962,11.7016,66.3594,16.0576,66.6896,15.6527,66.7411,15.2647,66.7297,14.8746,66.7357,14.4844,66.7366,14.0941,66.7106,13.7043,66.6912,13.3144,66.6856,12.9242,66.6856,12.5339,66.6755,12.1438,66.3962,11.7016,66.0289,12.1349,65.8928,12.5244,65.7855,12.9182,65.73  ,13.3172,65.7049,13.7177,65.7094,14.1186,65.7404,14.5189,65.7873,14.9184,65.8358,15.3178,65.9423,15.7027,66.2652,-13.9346,1.56521 ,646,139800,53.5244,12.5723,131.598,0
2772,66.3715,15.9886,66.3114,15.5375,66.2762,15.1482,66.2567,14.7562,66.2324,14.364 ,66.2139,13.9716,66.211 ,13.5788,66.2198,13.1079,66.2491,12.7169,66.3024,12.3276,66.371 ,11.9425,66.4344,11.5951,66.3715,15.9886,66.6993,15.5839,66.7297,15.2012,66.7298,14.8174,66.7231,14.4334,66.7229,14.0493,66.7172,13.6653,66.698 ,13.2048,66.6909,12.8208,66.6856,12.4368,66.6769,12.0529,66.4344,11.5951,66.0422,11.9856,65.895 ,12.3738,65.7943,12.769 ,65.7353,13.1681,65.705 ,13.6494,65.7167,14.0507,65.748 ,14.4517,65.7958,14.8517,65.8344,15.2522,65.9428,15.639 ,66.2649,-13.854 ,1.56576 ,653,141467,54.0698,12.3884,133.012,0
2773,66.3651,15.9254,66.3073,15.4887,66.275 ,15.1044,66.2672,14.7157,66.2574,14.3268,66.2639,13.9377,66.2581,13.5485,66.2703,13.1594,66.2942,12.7709,66.3437,12.3068,66.3803,11.9237,66.4157,11.5951,66.3651,15.9254,66.6845,15.5103,66.7171,15.1318,66.7326,14.7525,66.7485,14.3731,66.7662,13.9938,66.7673,13.6142,66.7673,13.2346,66.7673,12.8549,66.7661,12.3994,66.7254,12.021 ,66.4157,11.5951,66.0194,11.9773,65.9053,12.3683,65.8036,12.8417,65.7673,13.2398,65.7489,13.6385,65.7613,14.0373,65.772 ,14.4361,65.8019,14.8346,65.8416,15.2325,65.9443,15.6129,66.2903,-13.7785,1.55143 ,658,142517,53.17  ,12.4658,132.426,0
2774,66.3025,15.8002,66.2811,15.3445,66.254 ,14.9587,66.2275,14.5715,66.2139,14.1836,66.2154,13.796 ,66.2379,13.4083,66.2615,12.9429,66.2736,12.5563,66.2249,12.1734,66.0744,11.8176,65.8725,11.5267,66.3025,15.8002,66.6604,15.3897,66.6921,14.9875,66.6919,14.5842,66.6915,14.1809,66.7194,13.7781,66.751 ,13.3754,66.7673,12.8918,66.7471,12.4889,66.6479,12.0923,66.4163,11.737 ,65.8725,11.5267,65.8036,12.0339,65.8378,12.4059,65.8009,12.7779,65.7497,13.1492,65.7148,13.5962,65.7106,13.9689,65.7393,14.3414,65.7748,14.7136,65.8212,15.0851,65.9153,15.4476,66.234 ,-13.6437,-1.54889,657,143104,53.5748,12.9634,131.012,0
2775,66.3205,15.6554,66.2938,15.2382,66.2501,14.7949,66.2219,14.4103,66.2149,13.9483,66.2219,13.5633,66.2414,13.1012,66.2365,12.7165,66.2004,12.3352,66.0437,11.9023,65.7981,11.6015,65.5073,11.3638,66.3205,15.6554,66.6575,15.2194,66.6856,14.7365,66.6856,14.3335,66.7011,13.8502,66.7326,13.4478,66.7661,12.9648,66.7331,12.5625,66.6442,12.1646,66.3969,11.7249,66.0733,11.4504,65.5073,11.3638,65.63  ,11.8615,65.7663,12.2166,65.7814,12.657 ,65.7466,13.0241,65.718 ,13.3915,65.7048,13.8329,65.7282,14.2004,65.7698,14.6409,65.826 ,15.0049,65.9446,15.3971,66.1893,-13.4644,-1.50044,667,143738,55.7564,13.8476,134.426,0
2776,66.3266,15.492 ,66.293 ,15.0717,66.2397,14.6244,66.214 ,14.2362,66.214 ,13.8477,66.2285,13.3813,66.2367,12.9927,66.2273,12.6047,66.1639,12.1446,66.0286,11.7772,65.7914,11.4589,65.5073,11.2   ,66.3266,15.492 ,66.664 ,15.0544,66.6856,14.5702,66.6856,14.1662,66.7078,13.7625,66.7459,13.2784,66.7585,12.8749,66.7191,12.472 ,66.5848,11.9968,66.3752,11.6222,66.0649,11.3268,65.5073,11.2   ,65.6226,11.7093,65.7574,12.0709,65.7742,12.444 ,65.7441,12.8923,65.7151,13.2657,65.7049,13.6396,65.7196,14.0882,65.7487,14.4617,65.8087,14.8318,65.9367,15.2306,66.1815,-13.3334,-1.4913 ,663,142489,55.5064,13.6341,133.841,0
2777,66.3639,15.4239,66.3058,15.0051,66.2681,14.5649,66.2475,14.1518,66.2334,13.8027,66.2138,13.3856,66.189 ,12.9733,66.1509,12.5827,66.0671,12.1557,65.9389,11.8069,65.7154,11.4624,65.4178,11.2147,66.3639,15.4239,66.6341,14.9131,66.7029,14.3485,66.7302,13.8411,66.7389,13.4397,66.7287,12.9976,66.696 ,12.5818,66.633 ,12.2131,66.4939,11.859 ,66.2928,11.5755,65.9633,11.292 ,65.4178,11.2147,65.5395,11.7184,65.6363,12.1505,65.6716,12.5723,65.6846,13.0787,65.6913,13.5001,65.7061,13.9126,65.7336,14.305 ,65.7708,14.6022,65.8418,14.9145,65.9917,15.2093,66.1496,-13.2546,-1.46722,629,137510,54.5722,16.7907,127.598,0
2778,66.4902,15.319 ,66.3509,14.9051,66.291 ,14.506 ,66.2543,14.1288,66.219 ,13.7343,66.1769,13.2605,66.1412,12.8911,66.0938,12.5029,66.0209,12.1139,65.8789,11.7025,65.6727,11.3959,65.4162,11.1074,66.4902,15.319 ,66.7302,14.7941,66.7393,14.3028,66.7304,13.8379,66.7113,13.3597,66.6743,12.8099,66.628 ,12.4134,66.5427,12.0564,66.3929,11.7661,66.1645,11.4513,65.8914,11.2237,65.4162,11.1074,65.5204,11.6494,65.6396,12.0502,65.6733,12.5696,65.6623,13.0694,65.6688,13.5108,65.6934,13.8665,65.741 ,14.2681,65.7924,14.5743,65.8587,14.8529,65.9987,15.1298,66.1309,-13.2187,-1.44304,623,134995,54.3633,17.8354,127.012,0
2779,66.432 ,15.3896,66.3345,14.9652,66.277 ,14.5039,66.2483,14.1191,66.2194,13.7197,66.1884,13.3273,66.1493,12.9029,66.1008,12.4813,66.02  ,12.093 ,65.868 ,11.6801,65.6128,11.3455,65.3169,11.1171,66.432 ,15.3896,66.7175,14.9252,66.745 ,14.3897,66.7414,13.9436,66.7265,13.4777,66.7   ,13.0171,66.649 ,12.5099,66.5472,12.0436,66.387 ,11.7252,66.1479,11.4256,65.8071,11.1764,65.3169,11.1171,65.4924,11.5867,65.6363,12.0311,65.6805,12.5695,65.6715,13.0339,65.6621,13.4277,65.6895,13.791 ,65.7243,14.1215,65.7661,14.4525,65.8224,14.7634,65.972 ,15.1165,66.1382,-13.2267,-1.44479,624,135646,55.8712,16.4904,130.083,0
2780,66.3842,15.3157,66.3263,14.8677,66.2626,14.4904,66.2174,14.0258,66.1972,13.6376,66.1953,13.249 ,66.1908,12.7828,66.1522,12.3961,66.0516,12.0167,65.8754,11.656 ,65.6395,11.3271,65.3754,11.0363,66.3842,15.3157,66.698 ,14.8802,66.7241,14.4773,66.6981,13.9931,66.6921,13.5894,66.6856,13.1857,66.6824,12.7011,66.6211,12.2999,66.4738,11.9097,66.2264,11.5487,65.9132,11.2373,65.3754,11.0363,65.4635,11.5445,65.6032,11.9047,65.6817,12.2735,65.7051,12.6464,65.705 ,13.0198,65.705 ,13.4678,65.7132,13.841 ,65.7419,14.2138,65.8261,14.6576,65.9769,15.0001,66.139 ,-13.1972,-1.43311,642,138303,55.4093,12.5804,134.912,0
2781,66.3964,15.3096,66.3519,14.8752,66.3037,14.5016,66.2667,14.0349,66.2296,13.6458,66.1994,13.2563,66.1903,12.8664,66.1622,12.4775,66.0824,12.0941,65.9323,11.7244,65.7034,11.3865,65.4382,11.0992,66.3964,15.3096,66.7118,14.8741,66.7609,14.472 ,66.7559,13.987 ,66.7311,13.5832,66.6995,13.1796,66.6818,12.7757,66.6376,12.3729,66.5137,11.9783,66.2899,11.6041,65.9842,11.2778,65.4382,11.0992,65.5251,11.6217,65.6498,11.987 ,65.6944,12.3614,65.705 ,12.7371,65.705 ,13.113 ,65.7113,13.4888,65.7403,13.8641,65.7895,14.2383,65.862 ,14.6867,66.0079,15.0178,66.1614,-13.2071,-1.43053,641,138477,54.2862,12.67  ,131.255,0
2782,66.4349,15.2783,66.3559,14.8234,66.3118,14.4364,66.2887,14.0414,66.2581,13.6467,66.2257,13.2516,66.1834,12.8574,66.1267,12.4644,66.0376,12.0749,65.8824,11.6966,65.6624,11.3487,65.4134,11.0492,66.4349,15.2783,66.7341,14.8099,66.7673,14.4043,66.7673,13.9975,66.7678,13.5908,66.7388,13.1847,66.6782,12.7802,66.5879,12.3785,66.4671,11.9809,66.2621,11.5995,65.97  ,11.2612,65.4134,11.0492,65.4524,11.5678,65.5768,11.9426,65.6523,12.3235,65.6896,12.7074,65.7049,13.092 ,65.7291,13.4764,65.7627,13.8605,65.8201,14.2432,65.868 ,14.6265,65.9995,14.9859,66.1515,-13.1776,-1.40977,646,139552,54.384 ,12.8599,131.841,0
2783,66.4027,15.24  ,66.3627,14.8061,66.3142,14.3489,66.2905,13.9592,66.2649,13.5695,66.2332,13.1796,66.166 ,12.7921,66.0594,12.3308,65.9378,11.9511,65.786 ,11.5803,65.5794,11.2393,65.3441,10.9484,66.4027,15.24  ,66.7345,14.8033,66.7673,14.3194,66.7673,13.9152,66.7678,13.5111,66.7391,13.1074,66.6698,12.7064,66.5254,12.2323,66.3623,11.8443,66.1483,11.4698,65.8758,11.1407,65.3441,10.9484,65.3764,11.4675,65.4934,11.8354,65.5654,12.2087,65.6353,12.5822,65.6921,13.0325,65.743 ,13.4076,65.7762,13.7837,65.8194,14.1592,65.8725,14.5341,66.0092,14.9519,66.1265,-13.1002,-1.38351,656,141435,55.1764,12.7304,133.841,0
2784,66.3839,15.1586,66.3347,14.7062,66.2947,14.3217,66.2796,13.9315,66.2409,13.4631,66.195 ,13.0733,66.1302,12.6849,66.0334,12.3003,65.8972,11.9217,65.72  ,11.5518,65.5052,11.2015,65.2753,10.9044,66.3839,15.1586,66.704 ,14.7186,66.7356,14.3124,66.755 ,13.9056,66.7373,13.4174,66.6946,13.0114,66.6224,12.6076,66.5101,12.2083,66.3367,11.8192,66.109 ,11.4427,65.8143,11.0957,65.2753,10.9044,65.2842,11.4419,65.4089,11.8069,65.5162,12.1746,65.6079,12.5444,65.6681,12.9173,65.7193,13.2908,65.7567,13.6651,65.8095,14.1138,65.8667,14.487 ,65.9828,14.8412,66.0855,-13.0115,-1.36404,656,141648,54.9025,12.4141,135.154,0
2785,66.3655,15.0079,66.3051,14.5427,66.2628,14.1525,66.2303,13.7593,66.1989,13.2866,66.1541,12.8935,66.0739,12.5033,65.9542,12.118 ,65.7915,11.7406,65.5948,11.3714,65.3792,11.0214,65.1686,10.7094,66.3655,15.0079,66.6779,14.5559,66.6921,14.1488,66.6919,13.7415,66.6807,13.2528,66.6445,12.8463,66.5608,12.4435,66.429 ,12.0468,66.2374,11.6614,65.986 ,11.291 ,65.6943,10.947 ,65.1686,10.7094,65.1508,11.2287,65.2879,11.5984,65.4177,11.9692,65.53  ,12.3427,65.6294,12.718 ,65.6817,13.0978,65.7293,13.478 ,65.7805,13.9346,65.8448,14.3136,65.96  ,14.6775,66.021 ,-12.853 ,-1.33874,648,143177,55.6292,12.1759,135.74 ,0
2786,66.3082,14.863 ,66.277 ,14.362 ,66.2338,13.9801,66.1987,13.5078,66.1604,13.1142,66.0804,12.6442,65.9765,12.2567,65.8323,11.8756,65.6589,11.5004,65.4403,11.0536,65.2677,10.682 ,65.0936,10.3445,66.3082,14.863 ,66.662 ,14.3778,66.6856,13.9732,66.6856,13.4869,66.6614,13.0821,66.5885,12.5989,66.4741,12.2017,66.3048,11.814 ,66.0972,11.4345,65.8073,10.9894,65.558 ,10.6206,65.0936,10.3445,65.0427,10.8895,65.1481,11.2663,65.293 ,11.7156,65.4205,12.0891,65.5271,12.4657,65.6069,12.8455,65.6725,13.3039,65.7232,13.6862,65.7944,14.1441,65.906 ,14.4919,65.951 ,-12.6416,-1.31521,679,147061,58.0387,12.4006,138.912,0
2787,66.353 ,14.6498,66.2605,14.1743,66.2122,13.7748,66.1679,13.3716,66.11  ,12.8878,66.0255,12.4876,65.9046,12.0921,65.7552,11.7016,65.5887,11.3146,65.4175,10.9296,65.2535,10.5493,65.0875,10.181 ,66.353 ,14.6498,66.6573,14.1646,66.6856,13.7567,66.6692,13.3482,66.6209,12.8589,66.5329,12.4551,66.4071,12.056 ,66.2301,11.6661,66.0226,11.2829,65.796 ,10.9042,65.5467,10.5322,65.0875,10.181 ,65.0267,10.7121,65.1118,11.1081,65.2206,11.5014,65.3443,11.8926,65.4555,12.2855,65.5566,12.6798,65.6236,13.0777,65.6847,13.5564,65.7513,13.9543,65.8917,14.335 ,65.9216,-12.5239,-1.30905,668,143974,57.2991,12.4945,139.983,0
2788,66.348 ,14.5163,66.2659,14.0935,66.196 ,13.6707,66.1479,13.2542,66.0948,12.8241,66.0173,12.4486,65.8861,12.0574,65.7125,11.6364,65.5468,11.2593,65.4052,10.9201,65.2364,10.494 ,65.0717,10.1642,66.348 ,14.5163,66.6638,14.0294,66.6585,13.5582,66.6208,13.082 ,66.5787,12.6044,66.5042,12.2381,66.3512,11.8725,66.1449,11.4697,65.932 ,11.1089,65.7471,10.7927,65.5051,10.4073,65.0717,10.1642,65.0179,10.702 ,65.1101,11.1646,65.209 ,11.5184,65.3254,11.9095,65.462 ,12.3492,65.5619,12.7774,65.6296,13.1815,65.6914,13.5716,65.7499,13.9106,65.8925,14.2715,65.8978,-12.4142,-1.30027,634,138017,55.945 ,13.592 ,133.983,0
2789,66.3643,14.4094,66.2685,13.9676,66.1979,13.5559,66.1357,13.1311,66.0795,12.7858,65.9837,12.3415,65.8737,11.9973,65.7165,11.6131,65.5468,11.2409,65.3858,10.85  ,65.2219,10.4412,65.0757,10.1216,66.3643,14.4094,66.6493,13.9441,66.662 ,13.4641,66.6207,12.9809,66.5653,12.6047,66.4624,12.1485,66.3383,11.8085,66.144 ,11.4266,65.9255,11.0637,65.7132,10.7091,65.4718,10.3495,65.0757,10.1216,65.0189,10.6477,65.1045,11.1064,65.2157,11.5249,65.3365,11.9074,65.4498,12.2982,65.5359,12.6548,65.6172,13.1021,65.6718,13.4226,65.7552,13.7885,65.9151,14.1187,65.8927,-12.3472,-1.2896 ,623,135491,55.1217,13.1013,129.74 ,0
2790,66.5177,14.4753,66.3483,14.0484,66.2406,13.6691,66.1601,13.2551,66.0835,12.8411,66.0015,12.4421,65.9049,12.0732,65.7646,11.6854,65.6024,11.3044,65.4324,10.9034,65.2677,10.5432,65.0847,10.214 ,66.5177,14.4753,66.7096,13.9453,66.6784,13.5227,66.6162,13.0624,66.5479,12.6054,66.467 ,12.1905,66.3589,11.8381,66.1965,11.4797,65.9956,11.1289,65.7803,10.7607,65.5497,10.4339,65.0847,10.214 ,65.0433,10.7711,65.1351,11.1649,65.2565,11.59  ,65.3762,11.9988,65.4859,12.4262,65.5647,12.8234,65.645 ,13.2132,65.7291,13.5873,65.8339,13.9492,66.0282,14.2633,65.9036,-12.3496,-1.2906 ,627,135622,55.3202,13.4865,131.74 ,0
2791,66.4831,14.4943,66.3646,14.0766,66.2512,13.6077,66.162 ,13.204 ,66.078 ,12.8337,65.9757,12.383 ,65.8792,11.9974,65.7362,11.5968,65.5713,11.21  ,65.3989,10.7862,65.2217,10.4018,65.0666,10.0812,66.4831,14.4943,66.7214,14.018 ,66.7019,13.4903,66.6307,13.0284,66.5416,12.6103,66.4306,12.1594,66.3275,11.7904,66.1682,11.4177,65.9754,11.0655,65.753 ,10.6899,65.494 ,10.3453,65.0666,10.0812,65.0107,10.5858,65.0981,11.0082,65.2149,11.4691,65.3488,11.8849,65.4659,12.3282,65.5501,12.7386,65.6425,13.1804,65.7228,13.5082,65.8306,13.8647,66.0407,14.2552,65.9058,-12.3379,-1.28495,629,136150,56.9324,13.0269,133.397,0
2792,66.4065,14.3578,66.3154,13.9056,66.2299,13.519 ,66.1513,13.123 ,66.0626,12.7274,65.9571,12.3338,65.8412,11.9419,65.7017,11.5537,65.5504,11.168 ,65.4229,10.862 ,65.2566,10.4888,65.0702,10.1451,66.4065,14.3578,66.6914,13.8755,66.6832,13.4695,66.6363,13.0639,66.5579,12.6607,66.4617,12.2593,66.3272,11.8632,66.1698,11.4711,65.977 ,11.0861,65.8044,10.7825,65.5527,10.4207,65.0702,10.1451,65.0303,10.7034,65.109 ,11.0935,65.1818,11.4045,65.2969,11.7902,65.409 ,12.1762,65.499 ,12.5652,65.6026,12.9524,65.7045,13.3399,65.8095,13.727 ,65.9687,14.0837,65.8946,-12.3076,-1.28046,634,137292,54.3524,12.3605,132.326,0
2793,66.462 ,14.4043,66.3424,13.9868,66.2435,13.5667,66.1617,13.1381,66.0746,12.7373,65.9567,12.3082,65.8226,11.9023,65.6626,11.5111,65.5021,11.1307,65.3442,10.7199,65.1927,10.3432,65.0309,9.996  ,66.462 ,14.4043,66.7141,13.9586,66.6929,13.5078,66.6285,13.0272,66.5494,12.5782,66.4309,12.1324,66.2839,11.7372,66.0993,11.3488,65.9068,10.9823,65.7121,10.6175,65.4948,10.2858,65.0309,9.996  ,64.9437,10.5254,65.0237,10.9452,65.1415,11.389 ,65.274 ,11.7833,65.4028,12.1807,65.5179,12.6033,65.6309,13.0247,65.7214,13.3893,65.8236,13.7704,66.0074,14.1417,65.8671,-12.2435,-1.27012,638,138212,56.9016,12.5711,132.811,0
2794,66.4068,14.2283,66.2833,13.7639,66.2034,13.3683,66.1213,12.9692,66.0279,12.5708,65.9091,12.1758,65.7723,11.7836,65.6418,11.4738,65.477 ,11.0871,65.3213,10.6996,65.1887,10.3115,65.0639,9.94738,66.4068,14.2283,66.6767,13.7269,66.6555,13.3243,66.606 ,12.9229,66.5245,12.524 ,66.4111,12.129 ,66.2747,11.7373,66.1354,11.4296,65.943 ,11.0488,65.73  ,10.6728,65.518 ,10.2964,65.0639,9.94738,64.9129,10.4802,64.9689,10.8824,65.0783,11.2795,65.2171,11.6722,65.3291,11.9861,65.4534,12.3809,65.5722,12.7766,65.672 ,13.1749,65.7781,13.5724,65.9266,13.9526,65.8287,-12.143 ,-1.26152,650,140333,55.0613,12.1171,133.74 ,0
2795,66.3591,14.0838,66.2462,13.6299,66.1572,13.2399,66.0722,12.8436,65.9744,12.4486,65.8266,11.9786,65.6734,11.5919,65.5043,11.2084,65.3454,10.8238,65.2054,10.4366,65.1069,10.0474,65.0254,9.68429,66.3591,14.0838,66.6275,13.6023,66.6109,13.2037,66.5504,12.8064,66.4689,12.4111,66.3253,11.9424,66.1773,11.5565,65.9966,11.177 ,65.7946,10.8021,65.5946,10.4268,65.4135,10.0473,65.0254,9.68429,64.8366,10.2006,64.865 ,10.6023,64.9591,10.9995,65.0826,11.3926,65.2323,11.7816,65.3824,12.1706,65.5234,12.6435,65.631 ,13.039 ,65.7397,13.4343,65.8985,13.8053,65.7572,-11.9665,-1.25234,659,143386,56.4174,11.9137,138.569,0
2796,66.2837,13.9143,66.183 ,13.4388,66.0973,13.0413,65.9951,12.6432,65.8926,12.245 ,65.7628,11.8506,65.5788,11.3822,65.4081,10.9954,65.2555,10.6063,65.1422,10.2119,65.0622,9.8164 ,64.9813,9.43268,66.2837,13.9143,66.5843,13.4343,66.566 ,13.0293,66.4881,12.6276,66.3896,12.2282,66.2705,11.8313,66.0837,11.3626,65.8902,10.9795,65.6852,10.599 ,65.5024,10.2136,65.3411,9.8237 ,64.9813,9.43268,64.8124,9.9645 ,64.8236,10.3681,64.8832,10.7697,64.9954,11.1658,65.1396,11.5571,65.3136,12.0265,65.4346,12.4214,65.544 ,12.8179,65.661 ,13.2135,65.8201,13.5952,65.6964,-11.8045,-1.25661,657,144529,57.2841,11.9509,139.154,0
2797,66.2569,13.7246,66.1652,13.3234,66.0619,12.8512,65.9689,12.4534,65.8532,12.0584,65.7156,11.6667,65.5928,11.3556,65.4372,10.9674,65.2927,10.5779,65.1774,10.185 ,65.0825,9.79188,64.996 ,9.40922,66.2569,13.7246,66.5371,13.3246,66.5311,12.8433,66.4582,12.4445,66.3636,12.0482,66.2398,11.6555,66.1136,11.3461,65.9358,10.9631,65.7457,10.5827,65.5659,10.2002,65.3906,9.81661,64.996 ,9.40922,64.8063,9.92292,64.832 ,10.3271,64.8967,10.7289,64.9961,11.1276,65.1317,11.521 ,65.2456,11.8348,65.3945,12.2259,65.5132,12.6219,65.6315,13.0179,65.827 ,13.4718,65.6788,-11.6667,-1.25614,640,139217,55.1304,12.3619,134.569,0
2798,66.3252,13.6087,66.1763,13.1603,66.0758,12.7748,65.9818,12.3883,65.8611,11.9669,65.7432,11.6295,65.5566,11.2225,65.3876,10.8632,65.228 ,10.4591,65.1347,10.0634,65.0732,9.65079,65.0067,9.29193,66.3252,13.6087,66.5759,13.0405,66.5256,12.592 ,66.4331,12.1734,66.3077,11.7413,66.1894,11.395 ,65.993 ,10.9907,65.8084,10.6402,65.6014,10.2714,65.4651,9.94058,65.3406,9.60581,65.0067,9.29193,64.8239,9.82924,64.8307,10.323 ,64.8934,10.7706,65.016 ,11.1926,65.1686,11.5536,65.3397,11.9717,65.4505,12.3098,65.5625,12.7288,65.6574,13.089 ,65.8142,13.4013,65.6775,-11.5803,-1.24761,622,134744,55.4777,12.636 ,129.74 ,0
2799,66.3448,13.5977,66.2065,13.1827,66.0868,12.7864,65.9879,12.3904,65.8667,11.9564,65.7459,11.6073,65.5708,11.2238,65.3998,10.8442,65.251 ,10.4398,65.1554,10.0585,65.0943,9.68084,65.0367,9.27726,66.3448,13.5977,66.5815,13.1065,66.541 ,12.6693,66.452 ,12.2438,66.3345,11.7893,66.2141,11.4373,66.0303,11.0444,65.8315,10.6729,65.6525,10.3185,65.5069,10.0038,65.3751,9.67042,65.0367,9.27726,64.8313,9.81179,64.8302,10.2431,64.8875,10.6834,65.0151,11.1236,65.1631,11.5131,65.3226,11.8887,65.435 ,12.2449,65.5566,12.6652,65.6679,13.0389,65.8749,13.3816,65.6836,-11.5562,-1.24544,615,133485,55.4657,12.3384,129.983,0
2800,66.4043,13.586 ,66.201 ,13.1642,66.081 ,12.8053,65.9792,12.4269,65.8619,11.9884,65.745 ,11.638 ,65.5638,11.2096,65.397 ,10.8465,65.2401,10.4583,65.1366,10.0698,65.0592,9.64656,64.9853,9.30258,66.4043,13.586 ,66.5803,12.9819,66.5095,12.562 ,66.4111,12.1636,66.296 ,11.7146,66.1771,11.3637,65.9756,10.9591,65.7983,10.6068,65.6218,10.2545,65.4745,9.95125,65.3212,9.62129,64.9853,9.30258,64.8215,9.81182,64.8288,10.325 ,64.8988,10.7814,65.0433,11.1903,65.1987,11.5651,65.3555,12.0237,65.462 ,12.3861,65.5806,12.8163,65.6891,13.1724,65.8681,13.4567,65.6806,-11.5821,-1.24746,620,133893,55.4385,13.1024,129.74 ,0
2801,66.4276,13.5709,66.2021,13.1812,66.0768,12.8188,65.9582,12.368 ,65.8581,11.9852,65.7419,11.6232,65.5759,11.213 ,65.399 ,10.818 ,65.2329,10.4383,65.1206,10.0541,65.0404,9.62617,64.9731,9.28244,66.4276,13.5709,66.5652,12.9959,66.4921,12.57  ,66.3877,12.0838,66.2923,11.6961,66.1734,11.3414,65.984 ,10.9356,65.7705,10.5413,65.5867,10.1854,65.439 ,9.88291,65.2893,9.56799,64.9731,9.28244,64.8154,9.8259 ,64.835 ,10.3626,64.9234,10.8057,65.077 ,11.2032,65.2176,11.6076,65.3534,12.0219,65.4571,12.4014,65.5627,12.7796,65.6981,13.1944,65.8907,13.4732,65.6769,-11.5718,-1.25102,617,134082,55.7106,13.377 ,129.74 ,0
2802,66.3663,13.5841,66.1819,13.1823,66.0487,12.7578,65.9497,12.375 ,65.8529,11.9919,65.7249,11.5769,65.5789,11.1905,65.4225,10.8194,65.2643,10.4437,65.1485,10.0697,65.0712,9.64841,65.0207,9.25356,66.3663,13.5841,66.5535,13.0339,66.4594,12.5534,66.3736,12.1274,66.285 ,11.7197,66.1536,11.304 ,65.9986,10.9233,65.8222,10.5711,65.6453,10.2196,65.4952,9.91767,65.3514,9.60725,65.0207,9.25356,64.8113,9.8305 ,64.8355,10.3558,64.9273,10.7801,65.068 ,11.1729,65.2028,11.5652,65.335 ,11.9643,65.4537,12.3895,65.5584,12.7509,65.6716,13.0888,65.857 ,13.4387,65.6608,-11.5146,-1.26109,618,135218,55.7283,13.0637,130.326,0
2803,66.3   ,13.5059,66.1373,13.0801,66.0244,12.6823,65.9301,12.2864,65.8272,11.9163,65.6943,11.5072,65.5427,11.1252,65.3803,10.7566,65.2383,10.3506,65.1368,9.96   ,65.0409,9.5628 ,64.9456,9.21853,66.3   ,13.5059,66.5024,12.9866,66.4539,12.5434,66.3678,12.1158,66.2683,11.7263,66.1395,11.3068,65.989 ,10.9209,65.8176,10.564 ,65.6515,10.204 ,65.5241,9.87006,65.3667,9.51504,64.9456,9.21853,64.746 ,9.73918,64.782 ,10.1836,64.862 ,10.6204,64.9873,11.0578,65.1427,11.4346,65.2893,11.8214,65.4222,12.2262,65.5236,12.5865,65.6281,12.9556,65.816 ,13.2994,65.6232,-11.4089,-1.26214,623,137291,55.1237,12.1606,129.74 ,0
2804,66.1461,13.4438,66.0945,13.0198,66.0172,12.6153,65.901 ,12.158 ,65.7904,11.7931,65.6493,11.3914,65.4926,11.0119,65.3382,10.6266,65.1938,10.2169,65.1066,9.81575,65.0483,9.4032 ,64.9914,9.03275,66.1461,13.4438,66.4817,12.9818,66.4558,12.5232,66.3486,12.018 ,66.2369,11.6381,66.0983,11.2254,65.9476,10.829 ,65.7824,10.451 ,65.6181,10.0727,65.4927,9.73183,65.3618,9.3852 ,64.9914,9.03275,64.7526,9.55476,64.7442,10.0385,64.8063,10.4854,64.9368,10.9148,65.0843,11.301 ,65.242 ,11.6699,65.3816,12.0671,65.4886,12.4242,65.6077,12.8434,65.7277,13.1865,65.5968,-11.312 ,-1.26293,637,140287,56.0537,12.0395,132.326,0
2805,66.1835,13.2663,66.0569,12.8132,65.9587,12.4238,65.8461,12.0324,65.7226,11.6422,65.5823,11.2546,65.4429,10.8669,65.2875,10.3999,65.1717,10.0093,65.0727,9.61823,64.9727,9.23286,64.8485,8.86706,66.1835,13.2663,66.4354,12.7798,66.4036,12.3823,66.3218,11.9882,66.2121,11.5975,66.0813,11.2099,65.9391,10.8242,65.7677,10.3614,65.6142,9.97764,65.4565,9.5947 ,65.2679,9.21859,64.8485,8.86706,64.7243,9.39667,64.7296,9.79778,64.7714,10.1978,64.8554,10.5945,65.0066,11.0641,65.1379,11.4546,65.2872,11.8422,65.4185,12.2327,65.5527,12.6227,65.7222,12.9933,65.5498,-11.1593,-1.26819,650,143597,56.3026,11.9264,137.74 ,0
2806,66.1268,13.0906,66.0057,12.6232,65.8968,12.2315,65.7823,11.838 ,65.6517,11.4467,65.5191,11.0556,65.3784,10.6659,65.2241,10.1963,65.1257,9.80166,65.0296,9.40761,64.9181,9.01893,64.7728,8.65955,66.1268,13.0906,66.396 ,12.609 ,66.3573,12.2053,66.2671,11.8052,66.1538,11.408 ,66.0248,11.0131,65.874 ,10.6217,65.6884,10.153 ,65.5402,9.76125,65.3904,9.36978,65.212 ,8.98411,64.7728,8.65955,64.6778,9.20445,64.709 ,9.60257,64.7471,10.0003,64.8098,10.3963,64.9369,10.8663,65.0688,11.2542,65.2039,11.6415,65.3449,12.0279,65.4768,12.4158,65.6559,12.7875,65.4976,-10.9731,-1.27146,659,144236,56.7603,12.0644,139.397,0
2807,66.0661,12.8935,65.9774,12.4936,65.8535,12.0274,65.7618,11.7132,65.6262,11.3234,65.4808,10.9351,65.3418,10.5458,65.2204,10.1539,65.1233,9.75978,65.0207,9.36717,64.9103,8.98098,64.7776,8.62655,66.0661,12.8935,66.3354,12.4883,66.3099,12.0038,66.2461,11.6832,66.1238,11.2877,65.9846,10.8948,65.8414,10.5026,65.6976,10.1105,65.5532,9.71851,65.398 ,9.32846,65.217 ,8.9475 ,64.7776,8.62655,64.6533,9.16505,64.6869,9.56219,64.7335,9.95853,64.789 ,10.3543,64.9003,10.7443,65.0411,11.1298,65.1874,11.5143,65.3273,11.8999,65.4424,12.2078,65.6531,12.6467,65.465 ,-10.8361,-1.26832,629,138197,54.6153,11.8975,132.912,0
2808,66.1164,12.7834,65.977 ,12.3811,65.8502,11.951 ,65.7508,11.5969,65.6183,11.2189,65.4517,10.8068,65.31  ,10.4521,65.1744,10.0336,65.0797,9.66112,64.9913,9.24846,64.8954,8.82372,64.8052,8.4929 ,66.1164,12.7834,66.3269,12.2861,66.2786,11.7986,66.1834,11.4148,66.0549,11.0108,65.8984,10.5739,65.7506,10.2049,65.5818,9.7843 ,65.4581,9.46972,65.3317,9.14347,65.1646,8.79114,64.8052,8.4929 ,64.6591,8.99448,64.6809,9.49472,64.7311,9.98394,64.8003,10.3957,64.9077,10.7993,65.048 ,11.1412,65.2209,11.5328,65.3531,11.8922,65.4543,12.2272,65.6675,12.5926,65.4458,-10.7301,-1.26605,606,133589,54.9948,12.6207,129.154,0
2809,66.1249,12.7   ,65.9636,12.2538,65.8414,11.8699,65.7334,11.5083,65.5927,11.1352,65.4234,10.7207,65.2844,10.3437,65.1618,9.9374 ,65.0499,9.51471,64.9674,9.1428 ,64.8888,8.74507,64.8184,8.36004,66.1249,12.7   ,66.3222,12.1404,66.2684,11.7059,66.1747,11.3044,66.0349,10.9091,65.8615,10.4863,65.7214,10.0996,65.5837,9.70973,65.4258,9.34756,65.2963,9.03255,65.1475,8.72139,64.8184,8.36004,64.6557,8.90285,64.6656,9.37994,64.7035,9.80414,64.7743,10.2834,64.8844,10.6994,65.0275,11.0591,65.1926,11.4647,65.3291,11.8261,65.4517,12.1624,65.6504,12.4869,65.4312,-10.6573,-1.26429,607,132964,55.5918,12.6008,130.569,0
2810,66.1963,12.67  ,65.9716,12.3065,65.8265,11.9133,65.7083,11.5025,65.5744,11.1222,65.4386,10.7455,65.2968,10.3773,65.1643,9.99052,65.0565,9.6306 ,64.9703,9.2221 ,64.8898,8.78805,64.8057,8.43942,66.1963,12.67  ,66.3168,12.1099,66.2209,11.6487,66.1105,11.2022,65.9683,10.8233,65.8334,10.4393,65.7047,10.0458,65.5661,9.66567,65.4273,9.369  ,65.3   ,9.0613 ,65.1535,8.73431,64.8057,8.43942,64.6547,8.9842 ,64.6666,9.52564,64.7191,10.0184,64.8   ,10.4289,64.9283,10.8153,65.0839,11.1577,65.2188,11.5293,65.342 ,11.9154,65.4657,12.2978,65.6796,12.6004,65.427 ,-10.679 ,-1.26701,608,133032,54.7659,13.3757,130.912,0
2811,66.1603,12.7616,65.9753,12.3585,65.8289,11.965 ,65.7052,11.5662,65.5779,11.1803,65.4495,10.7965,65.3164,10.4198,65.1816,10.042 ,65.0602,9.62423,64.975 ,9.21513,64.8965,8.78406,64.831 ,8.44778,66.1603,12.7616,66.3282,12.2349,66.2445,11.7838,66.1317,11.3426,66.0035,10.941 ,65.872 ,10.5494,65.7347,10.165 ,65.5865,9.79477,65.4397,9.42611,65.3173,9.10587,65.1666,8.77239,64.831 ,8.44778,64.6532,8.9359 ,64.6585,9.46708,64.7124,9.94939,64.8141,10.4003,64.9373,10.7807,65.064 ,11.153 ,65.189 ,11.5293,65.3143,11.9015,65.4498,12.2619,65.6709,12.5861,65.4297,-10.7084,-1.26778,605,133243,55.3967,12.3409,130.912,0
2812,66.1959,12.6735,65.9632,12.3126,65.8102,11.9242,65.6905,11.5285,65.5641,11.1496,65.4344,10.7733,65.2899,10.3361,65.1643,9.94967,65.0389,9.54686,64.9524,9.14853,64.8885,8.79672,64.8004,8.4002 ,66.1959,12.6735,66.3082,12.1352,66.2042,11.6913,66.0954,11.2519,65.9727,10.85  ,65.8432,10.4623,65.6922,10.0225,65.547 ,9.65494,65.3944,9.30003,65.2697,8.98933,65.1515,8.72393,64.8004,8.4002 ,64.6513,9.00908,64.6613,9.4471 ,64.717 ,9.91533,64.8176,10.3553,64.9233,10.7598,65.0616,11.1934,65.1928,11.5558,65.32  ,11.9161,65.4516,12.2725,65.6742,12.5894,65.4218,-10.6842,-1.27403,605,134453,55.3   ,13.0955,130.083,0
2813,66.243 ,12.5367,65.9573,12.1979,65.7799,11.8039,65.6653,11.4542,65.5377,11.0658,65.4141,10.6766,65.2862,10.2937,65.1347,9.85973,65.0314,9.50804,64.9148,9.07908,64.8208,8.69519,64.711 ,8.33723,66.243 ,12.5367,66.2794,11.992 ,66.1669,11.5528,66.0657,11.1918,65.9491,10.7809,65.8334,10.37  ,65.7063,9.97681,65.5324,9.56779,65.4035,9.26055,65.2465,8.91541,65.096 ,8.61606,64.711 ,8.33723,64.5775,8.90193,64.6151,9.36823,64.6935,9.87492,64.7736,10.2635,64.9032,10.719 ,65.03  ,11.0947,65.1633,11.4596,65.3007,11.8321,65.435 ,12.1721,65.7005,12.5037,65.3912,-10.5841,-1.26855,615,135357,55.1536,13.3807,130.326,0
2814,66.0717,12.5474,65.8961,12.1157,65.7738,11.7822,65.6474,11.3895,65.5229,10.9988,65.3921,10.6179,65.2468,10.1765,65.1145,9.79661,65.0079,9.44787,64.8991,8.99777,64.829 ,8.65338,64.7241,8.25846,66.0717,12.5474,66.2517,11.9915,66.1694,11.6005,66.0476,11.1704,65.9336,10.7435,65.8109,10.335 ,65.6669,9.87363,65.5191,9.50156,65.3918,9.18542,65.2421,8.82404,65.1176,8.56479,64.7241,8.25846,64.5688,8.88021,64.5853,9.30567,64.6574,9.83191,64.747 ,10.2021,64.8641,10.5881,65.0098,11.011 ,65.15  ,11.3625,65.2809,11.7233,65.4176,12.0739,65.5839,12.3506,65.358 ,-10.47  ,-1.27086,612,135796,55.0941,13.1501,128.912,0
2815,66.0665,12.3439,65.8676,11.9845,65.7074,11.5662,65.5813,11.203 ,65.4353,10.7682,65.3198,10.4017,65.2041,10.0405,65.0733,9.60533,64.9718,9.20921,64.8728,8.82135,64.776 ,8.41948,64.6799,8.05632,66.0665,12.3439,66.2315,11.8588,66.1115,11.4046,66.0033,11.0163,65.8789,10.5759,65.7724,10.1994,65.6597,9.83311,65.5088,9.43418,65.3826,9.08888,65.2447,8.75996,65.07  ,8.39514,64.6799,8.05632,64.5092,8.55463,64.5334,9.00632,64.5941,9.46325,64.6738,9.90422,64.7876,10.3682,64.9042,10.7265,65.032 ,11.0837,65.2022,11.5126,65.3446,11.8486,65.5593,12.2214,65.3157,-10.3228,-1.27615,613,136250,55.2908,12.5197,130.569,0
2816,65.9253,12.0908,65.7807,11.6984,65.6191,11.2772,65.4868,10.9056,65.3681,10.5304,65.2556,10.1542,65.1214,9.70272,65.019 ,9.32582,64.9227,8.94827,64.8608,8.56813,64.834 ,8.11205,64.8308,7.75418,65.9253,12.0908,66.1376,11.6541,66.0604,11.2096,65.9548,10.8436,65.8483,10.4778,65.7484,10.1111,65.608 ,9.67398,65.4768,9.312  ,65.3442,8.95024,65.2283,8.58577,65.1078,8.14572,64.8308,7.75418,64.5596,8.22957,64.516 ,8.70263,64.5397,9.09734,64.6063,9.48993,64.6785,9.88201,64.809 ,10.3476,64.936 ,10.7329,65.0709,11.1169,65.2354,11.4901,65.4708,11.8772,65.2635,-10.049 ,-1.2996 ,622,137934,55.0967,11.8541,134.083,0
2817,65.8684,11.8837,65.724 ,11.4586,65.5855,11.0893,65.4551,10.7077,65.327 ,10.3255,65.2083,9.94158,65.0944,9.55722,65.0041,9.17061,64.9324,8.78275,64.8753,8.39409,64.8258,8.00978,64.7675,7.64112,65.8684,11.8837,66.0942,11.4084,66.0297,11.0257,65.9253,10.6468,65.8222,10.2678,65.7056,9.89055,65.58  ,9.51476,65.4495,9.13978,65.3271,8.76349,65.2112,8.38614,65.0946,8.0124 ,64.7675,7.64112,64.5803,8.15834,64.5608,8.5577 ,64.5604,8.95745,64.5884,9.35666,64.6488,9.75404,64.7529,10.1469,64.8796,10.5367,65.0373,10.9211,65.1954,11.3056,65.4049,11.6493,65.2488,-9.91357,-1.30824,608,135421,53.8342,12.0726,132.083,0
2818,65.8773,11.8481,65.7196,11.4179,65.6142,11.055 ,65.4819,10.6458,65.3409,10.2578,65.2239,9.92186,65.0935,9.51664,64.9906,9.14922,64.8997,8.68961,64.8639,8.34267,64.8321,7.92518,64.773 ,7.5466 ,65.8773,11.8481,66.091 ,11.3008,66.0295,10.8819,65.9126,10.4333,65.7805,10.0287,65.6662,9.68884,65.5329,9.29172,65.413 ,8.95794,65.2821,8.55316,65.2044,8.24252,65.0993,7.87792,64.773 ,7.5466 ,64.576 ,8.10755,64.5349,8.58385,64.5371,8.96147,64.6013,9.46531,64.6903,9.86027,64.8198,10.2679,64.9416,10.5972,65.0907,10.9718,65.2341,11.3497,65.3844,11.6516,65.2489,-9.84226,-1.30891,593,131500,54.6028,12.5492,128.912,0
2819,66.0026,11.875 ,65.7694,11.5162,65.6002,11.1086,65.4936,10.7391,65.367 ,10.3175,65.2334,9.90709,65.1115,9.56397,64.9822,9.13175,64.8971,8.73332,64.8583,8.32127,64.8363,7.90675,64.7914,7.52521,66.0026,11.875 ,66.0937,11.3744,66.0077,10.9147,65.9115,10.533 ,65.793 ,10.1076,65.6685,9.69768,65.5484,9.36573,65.4105,8.97249,65.294 ,8.63319,65.2013,8.25914,65.1007,7.88844,64.7914,7.52521,64.5807,8.05946,64.5229,8.52312,64.5234,8.96774,64.5879,9.4202 ,64.7154,9.87757,64.8378,10.2317,64.9776,10.6472,65.1108,11.0674,65.2323,11.4246,65.5029,11.7628,65.2491,-9.85944,-1.30781,592,132091,55.8399,12.0845,130.912,0
2820,65.969 ,11.8748,65.7402,11.4781,65.5937,11.1259,65.4583,10.7246,65.3307,10.3221,65.2279,9.96497,65.1009,9.55674,64.9786,9.14891,64.8987,8.7921 ,64.8487,8.33494,64.8266,7.92875,64.7925,7.57916,65.969 ,11.8748,66.0848,11.3495,66.0047,10.9616,65.8902,10.5335,65.7768,10.1219,65.6792,9.77313,65.5453,9.3959 ,65.413 ,9.01988,65.306 ,8.68919,65.1986,8.27727,65.1032,7.91481,64.7925,7.57916,64.5576,8.07385,64.5076,8.5285 ,64.5134,9.01631,64.5762,9.39582,64.6933,9.83327,64.8112,10.2757,64.9192,10.6399,65.065 ,11.0278,65.2246,11.4083,65.4534,11.7201,65.2345,-9.87192,-1.30726,599,132546,55.0044,12.2723,129.497,0
2821,65.9136,11.8659,65.723 ,11.4692,65.5651,11.0595,65.4475,10.7162,65.3128,10.3164,65.1867,9.90221,65.0829,9.53568,64.9745,9.08258,64.8999,8.68161,64.8563,8.27313,64.8248,7.87073,64.7739,7.50663,65.9136,11.8659,66.0865,11.3712,65.9896,10.9262,65.8838,10.5562,65.7637,10.1328,65.643 ,9.71476,65.5318,9.36921,65.4041,8.96252,65.3035,8.60181,65.2061,8.23705,65.0916,7.87512,64.7739,7.50663,64.5696,7.99599,64.5172,8.44611,64.5176,8.89589,64.5736,9.33495,64.6673,9.82727,64.766 ,10.2091,64.8999,10.6152,65.0499,10.9899,65.1807,11.3095,65.4111,11.6814,65.2257,-9.84893,-1.31487,602,133425,55.4837,12.319 ,130.083,0
2822,65.9451,11.8737,65.7314,11.4698,65.5858,11.1135,65.4476,10.7021,65.3184,10.2834,65.2045,9.92819,65.083 ,9.49082,64.9891,9.09363,64.9145,8.67845,64.8711,8.25758,64.8481,7.84856,64.8116,7.4878 ,65.9451,11.8737,66.0817,11.38  ,66.0008,10.9939,65.8769,10.5589,65.7632,10.1179,65.6643,9.74565,65.5418,9.32548,65.432 ,8.97311,65.3328,8.60465,65.2389,8.23051,65.1345,7.8598 ,64.8116,7.4878 ,64.569 ,7.96918,64.5134,8.42398,64.5173,8.89234,64.5758,9.34923,64.6573,9.78507,64.7818,10.2306,64.9115,10.5676,65.0555,10.9639,65.2145,11.3514,65.4367,11.6746,65.2221,-9.79544,-1.32285,609,134559,55.8838,12.3226,130.083,0
2823,65.9777,11.7422,65.7088,11.3886,65.546 ,11.008 ,65.4102,10.5969,65.2959,10.222 ,65.1609,9.7855 ,65.0537,9.41463,64.962 ,9.01502,64.8914,8.57371,64.852 ,8.18629,64.8201,7.74596,64.7816,7.39295,65.9777,11.7422,66.0434,11.2042,65.918 ,10.7832,65.8   ,10.349 ,65.7101,9.96465,65.594 ,9.53835,65.4906,9.17968,65.3878,8.8196 ,65.295 ,8.44596,65.2233,8.12781,65.1247,7.74934,64.7816,7.39295,64.526 ,7.88024,64.4937,8.39971,64.5078,8.85395,64.5638,9.34958,64.6506,9.77588,64.7659,10.1551,64.9211,10.6053,65.0573,10.967 ,65.2156,11.3454,65.4325,11.6703,65.1901,-9.69326,-1.32635,613,135469,55.9263,12.635 ,130.669,0
2824,65.7559,11.6065,65.6114,11.1798,65.4813,10.8084,65.3521,10.4297,65.2328,10.0493,65.1327,9.6661 ,65.0452,9.28137,64.9699,8.89561,64.9083,8.50906,64.8589,8.0454 ,64.8532,7.66042,64.8756,7.30793,65.7559,11.6065,65.9804,11.1619,65.9184,10.7857,65.8197,10.4132,65.7207,10.0408,65.6289,9.66749,65.5364,9.29423,65.4442,8.92094,65.3511,8.54776,65.2358,8.10041,65.1559,7.72555,64.8756,7.30793,64.5513,7.74713,64.4933,8.14518,64.4885,8.62522,64.5217,9.02489,64.585 ,9.42279,64.6763,9.81802,64.7917,10.2101,64.934 ,10.598 ,65.0968,10.9821,65.2915,11.3408,65.1657,-9.54085,-1.34556,620,137093,54.1308,11.8008,133.255,0
2825,65.7558,11.3995,65.5714,10.9804,65.4271,10.6155,65.3025,10.2377,65.1883,9.85796,65.0762,9.39885,64.9938,9.01514,64.9322,8.62982,64.8846,8.24396,64.8725,7.77989,64.9206,7.39632,65.0019,7.04341,65.7558,11.3995,65.9311,10.9308,65.8617,10.5621,65.7693,10.1956,65.6725,9.82966,65.5645,9.38946,65.4739,9.0227 ,65.3888,8.65523,65.3037,8.28775,65.2329,7.84404,65.2083,7.4722 ,65.0019,7.04341,64.6022,7.47242,64.5059,7.87049,64.4791,8.35483,64.4987,8.75863,64.5431,9.16144,64.6234,9.56153,64.7453,10.0388,64.8824,10.4314,65.0466,10.8193,65.269 ,11.1669,65.1394,-9.31559,-1.37856,630,139124,55.1314,11.7068,135.497,0
2826,65.749 ,11.3069,65.5664,10.9033,65.4389,10.5423,65.2968,10.121 ,65.1861,9.73599,65.0819,9.33849,65.0009,8.97221,64.9379,8.56351,64.9031,8.12366,64.9081,7.69223,64.9562,7.30525,65.0444,6.9459 ,65.749 ,11.3069,65.9219,10.799 ,65.8524,10.4009,65.7362,9.96346,65.639 ,9.58214,65.5489,9.19103,65.4714,8.85486,65.3895,8.52608,65.3188,8.18264,65.2795,7.80199,65.2655,7.39738,65.0444,6.9459 ,64.6254,7.33419,64.5288,7.72119,64.494 ,8.21286,64.5038,8.74311,64.5552,9.21732,64.6442,9.60167,64.7637,10.0015,64.891 ,10.3861,65.0622,10.7874,65.2484,11.1065,65.1348,-9.20745,-1.38686,610,135656,55.1267,12.1572,130.083,0
2827,65.751 ,11.1073,65.5354,10.7166,65.3969,10.3506,65.2901,9.98396,65.1902,9.61852,65.0801,9.18966,65.0119,8.84021,64.96  ,8.39711,64.9478,8.0009 ,64.9646,7.61466,65.0097,7.20285,65.0458,6.85037,65.751 ,11.1073,65.9121,10.6436,65.8476,10.2806,65.761 ,9.91194,65.6726,9.55421,65.5747,9.1519 ,65.5049,8.84666,65.4273,8.48119,65.3731,8.13212,65.3289,7.73825,65.2721,7.26116,65.0458,6.85037,64.7337,7.25647,64.5908,7.61629,64.5224,8.00137,64.5028,8.44376,64.5391,8.95414,64.6112,9.33855,64.7364,9.78705,64.8482,10.1604,64.9804,10.5264,65.205 ,10.8887,65.1474,-9.11786,-1.40324,592,131232,53.8121,12.0089,125.255,0
2828,65.7744,11.1154,65.5201,10.7548,65.4   ,10.4113,65.2823,9.98815,65.1892,9.6011 ,65.0978,9.21376,65.0141,8.82726,64.9571,8.43243,64.9465,8.0004 ,64.9773,7.62985,65.0647,7.22931,65.2142,6.86416,65.7744,11.1154,65.9013,10.6355,65.8202,10.3069,65.7292,9.89542,65.6574,9.52757,65.5809,9.17518,65.5017,8.82862,65.4234,8.47666,65.3665,8.09078,65.3447,7.73113,65.3458,7.30843,65.2142,6.86416,64.7513,7.25821,64.5942,7.64979,64.523 ,8.03504,64.5024,8.50628,64.5484,8.93584,64.6405,9.36285,64.7471,9.78573,64.864 ,10.1889,65.0102,10.6191,65.1815,10.9613,65.1539,-9.1236 ,-1.41247,588,130672,54.4577,11.7382,128.083,0
2829,65.7502,11.1205,65.5197,10.7593,65.3796,10.4115,65.2559,10.0045,65.1633,9.62872,65.0826,9.22549,65.0216,8.86303,64.9683,8.42499,64.949 ,8.04076,64.955 ,7.65613,64.9909,7.23113,65.0313,6.88194,65.7502,11.1205,65.8883,10.6614,65.8149,10.3142,65.7133,9.9067 ,65.6331,9.54147,65.5586,9.17313,65.4988,8.85201,65.4358,8.46102,65.3867,8.10535,65.338 ,7.72775,65.2688,7.27944,65.0313,6.88194,64.7   ,7.29752,64.5667,7.7118 ,64.5138,8.10474,64.5128,8.51559,64.5634,8.99673,64.6285,9.39595,64.7184,9.82686,64.8272,10.2055,64.979 ,10.6102,65.1981,10.9502,65.1427,-9.13408,-1.41609,594,131696,53.6759,11.7252,126.426,0
2830,65.6802,11.1202,65.4766,10.7544,65.3529,10.3945,65.2496,10.0179,65.147 ,9.58841,65.0689,9.19593,65.0146,8.83483,64.9706,8.39818,64.9573,8.023  ,64.9665,7.65316,65.0004,7.248  ,65.0586,6.87091,65.6802,11.1202,65.8382,10.6657,65.79  ,10.3016,65.715 ,9.93604,65.6237,9.53206,65.547 ,9.18575,65.4898,8.87624,65.4352,8.48678,65.3963,8.12647,65.3585,7.75084,65.3008,7.31722,65.0586,6.87091,64.6874,7.28907,64.5689,7.67683,64.5192,8.04447,64.5154,8.43471,64.5556,8.91658,64.6115,9.32198,64.6946,9.75293,64.8118,10.2075,64.9478,10.5939,65.1555,10.938 ,65.1341,-9.10684,-1.4292 ,594,132333,53.5079,11.6857,126.184,0
2831,65.6728,11.1376,65.4809,10.778 ,65.3389,10.3853,65.2232,9.965  ,65.1358,9.59096,65.0624,9.1953 ,65.0058,8.76959,64.9785,8.37777,64.9755,7.97589,64.9951,7.59037,65.0339,7.19235,65.0714,6.80728,65.6728,11.1376,65.8376,10.7314,65.7752,10.3569,65.689 ,9.96027,65.6188,9.60421,65.5529,9.24822,65.495 ,8.87764,65.4568,8.52731,65.4266,8.1422 ,65.3986,7.73299,65.3497,7.26938,65.0714,6.80728,64.7074,7.22121,64.5823,7.57158,64.5219,7.9427 ,64.5061,8.36153,64.5301,8.78739,64.5912,9.25857,64.6759,9.68676,64.7839,10.0757,64.9352,10.5157,65.1634,10.9157,65.1245,-9.04068,-1.44043,605,133363,54.4302,11.8589,126.77 ,0
2832,65.7157,11.0222,65.4514,10.6789,65.3142,10.3233,65.2085,9.94315,65.1147,9.54448,65.0363,9.10881,64.9949,8.73946,64.9715,8.33343,64.9662,7.9153 ,64.9789,7.52242,65.0063,7.1277 ,65.018 ,6.74316,65.7157,11.0222,65.8125,10.5614,65.7326,10.2133,65.6508,9.84519,65.578 ,9.46929,65.5139,9.08216,65.4764,8.76248,65.4471,8.40793,65.4199,8.02145,65.389 ,7.61667,65.3284,7.16423,65.018 ,6.74316,64.6771,7.19547,64.5623,7.55284,64.5115,7.9471 ,64.5013,8.39779,64.5247,8.84517,64.5759,9.25075,64.6738,9.72196,64.7907,10.1386,64.9256,10.525 ,65.1323,10.8787,65.106 ,-8.95967,-1.45385,614,135423,54.331 ,11.6889,127.355,0
2833,65.517 ,10.871 ,65.3692,10.4482,65.2536,10.0743,65.156 ,9.69119,65.0713,9.30631,65.0167,8.91883,64.9687,8.53086,64.9456,8.06408,64.96  ,7.67556,65.0194,7.29019,65.1136,6.90932,65.2088,6.55953,65.517 ,10.871 ,65.7439,10.4309,65.694 ,10.0578,65.6172,9.68682,65.5414,9.31576,65.4937,8.94242,65.4455,8.5691 ,65.4052,8.12011,65.3777,7.74566,65.3777,7.37068,65.4037,6.99618,65.2088,6.55953,64.7861,6.97405,64.6271,7.36279,64.5293,7.7608 ,64.4858,8.16364,64.5091,8.64793,64.5576,9.0505 ,64.6291,9.4514 ,64.7308,9.8491 ,64.8605,10.2429,65.0359,10.6096,65.0999,-8.78715,-1.48424,620,138367,54.0171,11.5304,130.77 ,0
2834,65.4598,10.7015,65.3432,10.2817,65.2089,9.83334,65.1195,9.44977,65.0467,9.06426,64.9986,8.67685,64.969 ,8.2108 ,64.9849,7.82222,65.0284,7.43526,65.1142,6.97439,65.1983,6.59436,65.2719,6.23909,65.4598,10.7015,65.7256,10.273 ,65.665 ,9.82364,65.5977,9.45026,65.5235,9.07754,65.4813,8.70236,65.441 ,8.25178,65.4405,7.8753 ,65.4425,7.49884,65.4709,7.0476 ,65.4729,6.671  ,65.2719,6.23909,64.8899,6.66889,64.7264,7.05407,64.5902,7.52617,64.5171,7.92428,64.4973,8.32545,64.5325,8.80645,64.598 ,9.20529,64.6767,9.60288,64.7962,9.99558,65.0008,10.4347,65.1127,-8.57448,-1.51982,639,140840,55.663 ,11.6792,135.012,0
2835,65.448 ,10.488 ,65.3062,10.0511,65.2036,9.67458,65.114 ,9.29029,65.0409,8.90407,64.9987,8.51558,64.9881,8.12603,65.0159,7.65933,65.0748,7.27273,65.1527,6.8882 ,65.2359,6.50606,65.2967,6.15736,65.448 ,10.488 ,65.681 ,10.0334,65.651 ,9.65802,65.5908,9.28411,65.523 ,8.91093,65.4811,8.53589,65.4598,8.15996,65.4598,7.70836,65.4738,7.33229,65.5031,6.95652,65.5304,6.58068,65.2967,6.15736,64.9137,6.58281,64.7706,6.97359,64.6518,7.36794,64.5602,7.76573,64.5162,8.248  ,64.5281,8.65096,64.5875,9.05176,64.6729,9.45036,64.7947,9.84436,64.9774,10.2106,65.1212,-8.40859,-1.54432,620,136648,54.0253,11.7452,132.426,0
2836,65.4688,10.4016,65.3035,10.006 ,65.2101,9.63324,65.1194,9.19071,65.0528,8.79679,65.0158,8.41757,65.0025,7.99567,65.0345,7.61397,65.0925,7.23382,65.1622,6.77777,65.2056,6.43156,65.2308,6.03031,65.4688,10.4016,65.6787,9.97572,65.6612,9.60002,65.5985,9.1583 ,65.5438,8.78571,65.5095,8.44552,65.49  ,8.05723,65.4906,7.69125,65.5018,7.32151,65.5065,6.83801,65.4767,6.45796,65.2308,6.03031,64.9222,6.51875,64.8012,6.8332 ,64.6653,7.25632,64.5648,7.64564,64.5136,8.0417 ,64.5286,8.49429,64.5774,8.92086,64.6626,9.33427,64.7831,9.7756 ,64.9595,10.1365,65.1269,-8.31456,-1.55426,603,132540,54.4669,12.0171,128.669,0
2837,65.5063,10.2913,65.2945,9.90739,65.1998,9.53346,65.1126,9.07565,65.0555,8.71813,65.0149,8.29931,65.0124,7.84828,65.0619,7.46578,65.1409,7.03561,65.2156,6.631  ,65.2784,6.21707,65.3167,5.85594,65.5063,10.2913,65.6733,9.83111,65.6413,9.45768,65.5811,9.00251,65.5389,8.67749,65.5077,8.34128,65.4939,7.9709 ,65.5072,7.62712,65.5232,7.19582,65.5263,6.74466,65.5001,6.2812 ,65.3167,5.85594,65.0424,6.26728,64.8841,6.63671,64.7375,6.9858 ,64.5986,7.41126,64.5235,7.8372 ,64.5304,8.37383,64.5889,8.88008,64.6655,9.26461,64.781 ,9.72161,64.9509,10.079 ,65.1296,-8.22724,-1.56544,599,131873,55.6479,11.9864,129.255,0
2838,65.3923,10.2784,65.2385,9.84643,65.152 ,9.46848,65.0836,9.08252,65.0332,8.695  ,64.9945,8.30675,64.993 ,7.91747,65.0232,7.52922,65.0916,7.14368,65.1783,6.76091,65.2648,6.38088,65.3307,6.0108 ,65.3923,10.2784,65.6103,9.8267 ,65.5842,9.45217,65.5426,9.07813,65.5007,8.70411,65.4692,8.32946,65.4598,7.95433,65.4646,7.57911,65.4961,7.20446,65.5277,6.82981,65.5349,6.4549 ,65.3307,6.0108 ,64.9611,6.45886,64.7919,6.84469,64.6547,7.23642,64.5619,7.63435,64.5262,8.03633,64.5321,8.43953,64.5833,8.84106,64.6502,9.2416 ,64.7466,9.63916,64.9104,10.0072,65.1099,-8.24034,-1.56986,593,132155,53.2207,11.5451,130.426,0
2839,65.3992,10.3056,65.2501,9.93285,65.1411,9.48044,65.0727,9.09376,65.0304,8.70511,65.0032,8.31599,65.0035,7.92605,65.0219,7.53676,65.0767,7.14911,65.1659,6.76613,65.2488,6.38599,65.2961,6.01773,65.3992,10.3056,65.5971,9.90752,65.5769,9.45659,65.5297,9.08231,65.494 ,8.70732,65.4623,8.33207,65.4598,7.95622,65.4593,7.58031,65.4891,7.20502,65.5209,6.82979,65.5319,6.45427,65.2961,6.01773,64.9403,6.46836,64.7722,6.85515,64.6382,7.24785,64.5731,7.64895,64.547 ,8.05186,64.5471,8.45582,64.5802,8.85857,64.64  ,9.26021,64.731 ,9.65898,64.9542,10.097 ,65.1034,-8.2588 ,-1.56875,594,131904,53.4501,11.3335,128.77 ,0
2840,65.3975,10.38  ,65.2341,9.971  ,65.143 ,9.54679,65.0806,9.14566,65.0304,8.71377,65.0047,8.33138,65.007 ,7.88918,65.032 ,7.51968,65.0889,7.07969,65.1616,6.67718,65.2254,6.29419,65.2612,5.89499,65.3975,10.38  ,65.5955,9.96336,65.5829,9.54819,65.5484,9.14879,65.5141,8.72436,65.4937,8.3455 ,65.4837,7.90101,65.4853,7.54209,65.4981,7.12148,65.5151,6.71516,65.4978,6.30368,65.2612,5.89499,64.9399,6.37672,64.7899,6.73846,64.6628,7.14157,64.5681,7.61678,64.5254,8.00335,64.5214,8.44434,64.5588,8.82985,64.6295,9.26072,64.7228,9.65567,64.9001,10.0766,65.1012,-8.24134,-1.56854,595,132655,55.767 ,11.9594,129.012,0
2841,65.3309,10.2714,65.2167,9.89213,65.1174,9.43589,65.0553,9.04847,65.0164,8.65925,64.9998,8.2694 ,65.0001,7.87912,65.0294,7.48984,65.0842,7.10184,65.1581,6.71608,65.2367,6.3338 ,65.3102,5.9769 ,65.3309,10.2714,65.5657,9.9028 ,65.557 ,9.45079,65.5113,9.0752 ,65.4796,8.69874,65.4617,8.32197,65.4598,7.94489,65.4595,7.56776,65.4902,7.19127,65.5222,6.81482,65.5301,6.43832,65.3102,5.9769 ,64.9146,6.38211,64.7617,6.77126,64.6518,7.16718,64.5867,7.56777,64.5402,7.96946,64.5402,8.37291,64.5728,8.7752 ,64.6192,9.17716,64.7106,9.57535,64.9097,10.0214,65.0947,-8.18917,1.56712 ,599,134447,53.3349,11.2932,128.77 ,0
2842,65.2903,10.2049,65.187 ,9.75953,65.1088,9.37538,65.0493,8.98622,65.0089,8.5956 ,65.013 ,8.20404,65.0285,7.81253,65.0651,7.42164,65.1038,7.0316 ,65.1607,6.64381,65.2341,6.26007,65.2967,5.90575,65.2903,10.2049,65.558 ,9.77256,65.5343,9.3919 ,65.4927,9.01145,65.4631,8.63033,65.4723,8.24892,65.5021,7.8678 ,65.5317,7.48668,65.5415,7.10517,65.5415,6.72347,65.5334,6.34191,65.2967,5.90575,64.9071,6.33136,64.7561,6.71913,64.6477,7.11371,64.586 ,7.51307,64.5482,7.91384,64.548 ,8.31578,64.5689,8.71717,64.6238,9.11715,64.7133,9.5141 ,64.8484,9.89232,65.1011,-8.10324,1.55837 ,611,135982,53.1959,11.6862,128.527,0
2843,65.2963,10.1295,65.1983,9.715  ,65.1164,9.3432 ,65.0533,8.96153,65.0211,8.57776,65.0266,8.19349,65.0477,7.80933,65.0889,7.34888,65.1425,6.96656,65.1936,6.5852 ,65.238 ,6.20695,65.2778,5.87456,65.2963,10.1295,65.569 ,9.71172,65.5515,9.34094,65.5024,8.97118,65.473 ,8.60029,65.4865,8.22911,65.5157,7.85822,65.5493,7.41308,65.578 ,7.04216,65.5864,6.67084,65.5619,6.30025,65.2778,5.87456,64.8983,6.26296,64.7769,6.65158,64.6828,7.04365,64.6108,7.43793,64.5678,7.91405,64.5608,8.31157,64.5765,8.70892,64.6221,9.10514,64.7167,9.49709,64.8555,9.86197,65.1143,-8.04012,1.55416 ,616,136711,52.6059,11.6193,127.113,0
2844,65.2336,10.0228,65.1675,9.56558,65.0891,9.17945,65.0371,8.78901,65.0111,8.39744,65.0268,8.00521,65.0614,7.61365,65.1028,7.22234,65.1321,6.83124,65.1031,6.44259,64.9788,6.07873,64.8042,5.76839,65.2336,10.0228,65.5455,9.58478,65.5212,9.18517,65.4878,8.78517,65.4678,8.3849 ,65.4993,7.98479,65.543 ,7.58537,65.5797,7.18556,65.5861,6.78495,65.5093,6.38842,65.3115,6.02979,64.8042,5.76839,64.709 ,6.26754,64.7227,6.65143,64.6667,7.03348,64.6077,7.41555,64.5639,7.7985 ,64.5479,8.18253,64.5533,8.56675,64.6044,8.94929,64.6832,9.32948,64.8167,9.69348,65.0789,-7.91046,-1.55303,624,137227,53.1986,12.2609,132.669,0
2845,65.2334,9.8718 ,65.1608,9.44119,65.0825,9.06669,65.0329,8.67709,65.0156,8.28693,65.0337,7.8177 ,65.0694,7.42736,65.0925,7.03676,65.1013,6.64716,65.0271,6.26586,64.8292,5.92506,64.5771,5.65579,65.2334,9.8718 ,65.5289,9.4143 ,65.5057,9.01262,65.4743,8.61115,65.4753,8.20962,65.5131,7.72786,65.5503,7.32671,65.5544,6.92468,65.5275,6.52337,65.394 ,6.13326,65.1338,5.80424,64.5771,5.65579,64.6166,6.17272,64.7064,6.5467 ,64.6773,6.92658,64.6187,7.30494,64.5729,7.68405,64.548 ,8.06396,64.5559,8.52054,64.6093,8.899  ,64.6865,9.27408,64.8235,9.61162,65.0516,-7.75379,-1.53111,622,138091,53.8637,12.7344,132.669,0
2846,65.2781,9.68333,65.1451,9.2355 ,65.0577,8.85594,65.0151,8.4663 ,65.0173,8.07537,65.0334,7.68416,65.0714,7.29377,65.0865,6.90297,65.0746,6.51468,64.9906,6.13622,64.7931,5.80638,64.5266,5.55613,65.2781,9.68333,65.5047,9.18189,65.4811,8.78167,65.4595,8.38139,65.4867,7.98122,65.5181,7.58117,65.5666,7.18209,65.5611,6.78153,65.5008,6.38372,65.3403,6.00106,65.074 ,5.68291,64.5266,5.55613,64.6091,6.04565,64.6914,6.41879,64.6655,6.80034,64.6062,7.18047,64.5667,7.56176,64.5418,7.9436 ,64.5413,8.32603,64.5799,8.70735,64.6587,9.08562,64.822 ,9.43539,65.0441,-7.63469,-1.53297,609,135709,53.1798,13.0874,132.669,0
2847,65.2285,9.60615,65.1388,9.21571,65.0805,8.77769,65.0501,8.42988,65.026 ,7.99245,65.0177,7.61907,65.0161,7.25079,65.0106,6.84152,64.9791,6.47681,64.883 ,6.08824,64.7026,5.75595,64.4444,5.49528,65.2285,9.60615,65.505 ,9.14802,65.5248,8.62123,65.5239,8.20623,65.5221,7.70022,65.5207,7.28843,65.5111,6.8975 ,65.4729,6.48459,65.3862,6.15479,65.2091,5.84416,64.9493,5.58742,64.4444,5.49528,64.5183,6.00857,64.5937,6.43909,64.588 ,6.91502,64.5523,7.32855,64.5214,7.74861,64.5164,8.09945,64.5356,8.43263,64.5873,8.79566,64.65  ,9.06783,64.7938,9.39373,65.0033,-7.55284,-1.50304,597,131392,52.564 ,15.9725,125.355,0
2848,65.3274,9.6095 ,65.1678,9.22906,65.0724,8.78005,65.0383,8.41112,65.0187,8.02427,65.0103,7.55637,65.0108,7.18016,65.0071,6.77433,64.9739,6.3682 ,64.8646,6.0082 ,64.6162,5.66725,64.3302,5.41266,65.3274,9.6095 ,65.5151,9.15221,65.5146,8.6277 ,65.5109,8.19967,65.5099,7.76067,65.5131,7.25875,65.5095,6.8808 ,65.4738,6.49401,65.3682,6.13609,65.1807,5.82795,64.8469,5.52679,64.3302,5.41266,64.4577,5.88404,64.5929,6.28505,64.5955,6.71003,64.5436,7.18146,64.5117,7.62595,64.5085,8.00885,64.5333,8.44399,64.5768,8.77391,64.6491,9.07274,64.858 ,9.41467,64.9867,-7.51766,-1.49221,600,130299,54.7314,15.3414,127.012,0
2849,65.2697,9.55671,65.1322,9.11336,65.0487,8.73463,65.0046,8.34425,64.9795,7.95276,64.9734,7.56079,65.0011,7.16896,65.0165,6.77779,64.9776,6.39153,64.8237,5.94463,64.5981,5.61028,64.3749,5.37831,65.2697,9.55671,65.5014,9.06034,65.4761,8.65817,65.4529,8.2562 ,65.4529,7.85352,65.4619,7.451  ,65.4942,7.04899,65.48  ,6.64659,65.3783,6.25139,65.1294,5.80583,64.8245,5.4944 ,64.3749,5.37831,64.4706,5.85468,64.585 ,6.22782,64.6072,6.68547,64.5479,7.06522,64.5018,7.44579,64.4805,7.82739,64.5126,8.20882,64.569 ,8.58873,64.6466,8.96683,64.8015,9.31175,64.9806,-7.50703,-1.48615,607,132715,53.8947,13.0782,133.74 ,0
2850,65.2558,9.57706,65.1347,9.1214 ,65.0556,8.73783,65.0149,8.34706,64.9865,7.95558,64.9744,7.56342,65.0045,7.17149,65.0268,6.78023,64.9964,6.39313,64.8389,5.94564,64.6133,5.61648,64.3817,5.39213,65.2558,9.57706,65.4986,9.06776,65.4766,8.66466,65.4598,8.26135,65.4598,7.8577 ,65.4612,7.45407,65.4953,7.05113,65.4936,6.64775,65.405 ,6.25005,65.1477,5.80117,64.8337,5.49669,64.3817,5.39213,64.4934,5.85992,64.6049,6.23309,64.6134,6.68994,64.5539,7.06907,64.5016,7.44865,64.4877,7.82953,64.5196,8.21038,64.5823,8.58933,64.6604,8.96673,64.8056,9.32105,64.9909,-7.51389,-1.49384,606,132978,54.0291,13.0965,131.255,0
2851,65.3092,9.62955,65.1577,9.19938,65.088 ,8.82044,65.0405,8.38869,65.0099,7.95376,64.9939,7.56085,64.9866,7.16287,64.984 ,6.72104,64.9689,6.35184,64.8467,5.94417,64.6368,5.62277,64.3424,5.34621,65.3092,9.62955,65.5188,9.11307,65.5112,8.73489,65.5034,8.29754,65.4914,7.83011,65.4795,7.40507,65.4626,6.97899,65.4285,6.50857,65.3636,6.12936,65.1602,5.75307,64.8648,5.46408,64.3424,5.34621,64.4763,5.86474,64.58  ,6.23381,64.5845,6.68658,64.5402,7.07179,64.5125,7.50398,64.5132,7.87628,64.5368,8.22937,64.5902,8.6133 ,64.6804,9.01835,64.8228,9.38796,64.9846,-7.50468,-1.48097,604,133494,55.4905,13.2822,129.255,0
2852,65.2697,9.55671,65.1793,9.1636 ,65.0956,8.70414,65.0453,8.31437,65.0086,7.92405,64.9815,7.53334,64.9553,7.14228,64.9473,6.75152,64.9231,6.36238,64.8338,5.9828 ,64.6421,5.6381 ,64.3954,5.34427,65.2697,9.55671,65.5238,9.1443 ,65.518 ,8.66224,65.4838,8.26049,65.4598,7.85853,65.4584,7.45609,65.4383,7.05402,65.4041,6.65229,65.3313,6.25344,65.1908,5.8663 ,64.9318,5.53393,64.3954,5.34427,64.4414,5.8713 ,64.5333,6.24608,64.5301,6.62669,64.4975,7.0067 ,64.4849,7.38692,64.5168,7.76697,64.57  ,8.14569,64.6262,8.52423,64.6959,8.90167,64.8698,9.32637,64.9756,-7.46453,-1.4597 ,606,134890,53.7341,12.3571,129.598,0
2853,65.2278,9.52604,65.1577,9.07697,65.0978,8.69527,65.0488,8.31013,65.0192,7.92402,64.9943,7.53792,64.963 ,7.07418,64.9183,6.68915,64.8494,6.30692,64.7421,5.92954,64.5719,5.5786 ,64.3699,5.28446,65.2278,9.52604,65.5224,9.08601,65.5121,8.68601,65.4808,8.2862 ,65.4594,7.88618,65.4598,7.48576,65.4398,7.00562,65.3758,6.60796,65.2608,6.21595,65.1031,5.83099,64.8703,5.48068,64.3699,5.28446,64.3552,5.80864,64.4304,6.17829,64.4679,6.55077,64.4791,6.92408,64.4994,7.29723,64.5342,7.74479,64.5881,8.11634,64.6345,8.4883 ,64.704 ,8.8585 ,64.8215,9.21273,64.9522,-7.40183,-1.43579,613,136384,53.6758,12.0477,131.012,0
2854,65.2146,9.46934,65.1418,9.00997,65.0833,8.61949,65.0412,8.22453,65.0145,7.82888,64.9898,7.43325,64.9588,7.03743,64.8965,6.64379,64.8022,6.25387,64.6785,5.86888,64.5139,5.50113,64.3325,5.17739,65.2146,9.46934,65.5025,9.00607,65.4928,8.60323,65.4658,8.20042,65.4598,7.79721,65.4598,7.3939 ,65.4388,6.99097,65.3659,6.59117,65.2411,6.19756,65.0692,5.81233,64.8404,5.45107,64.3325,5.17739,64.2591,5.69335,64.3392,6.07879,64.4052,6.46558,64.4535,6.85361,64.4954,7.242  ,64.5254,7.63108,64.5811,8.01869,64.6283,8.40678,64.6937,8.79363,64.8051,9.16294,64.9236,-7.31918,-1.41931,620,137601,54.1626,11.9459,131.598,0
2855,65.2086,9.38762,65.128 ,8.93164,65.0659,8.54389,65.0299,8.15077,65.0038,7.75713,64.9705,7.28445,64.9202,6.8916 ,64.8512,6.50068,64.7422,6.11432,64.5998,5.7344 ,64.417 ,5.37274,64.2129,5.05167,65.2086,9.38762,65.4847,8.92256,65.4735,8.51914,65.4598,8.11558,65.4598,7.71175,65.444 ,7.22746,65.3912,6.82548,65.3025,6.42673,65.1663,6.03445,64.9782,5.65223,64.7204,5.29771,64.2129,5.05167,64.1907,5.58771,64.2846,5.96726,64.3663,6.34818,64.4337,6.73046,64.4675,7.11497,64.5088,7.49906,64.5596,7.95989,64.6121,8.34333,64.682 ,8.72537,64.796 ,9.0893 ,64.8903,-7.21961,-1.40173,627,139983,55.1417,11.917 ,134.669,0
2856,65.1521,9.28087,65.0901,8.81732,65.0396,8.35127,65.0136,7.9601 ,64.9862,7.56883,64.9397,7.09958,64.8833,6.70978,64.7724,6.24636,64.6482,5.86468,64.5014,5.48758,64.306 ,5.04597,64.125 ,4.71842,65.1521,9.28087,65.4467,8.83418,65.4598,8.35138,65.4598,7.94885,65.4539,7.54643,65.4155,7.06424,65.3445,6.66493,65.22  ,6.19024,65.0641,5.80257,64.8723,5.42227,64.5975,4.98119,64.125 ,4.71842,64.0814,5.25161,64.192 ,5.70291,64.2853,6.07882,64.3722,6.45557,64.4454,6.91049,64.488 ,7.29084,64.5284,7.74787,64.5792,8.12775,64.6311,8.50756,64.7566,8.94925,64.8382,-7.02336,-1.38524,650,143917,57.8453,11.6836,139.255,0
2857,65.0824,9.14238,65.0629,8.70681,65.0154,8.25039,64.9744,7.86188,64.9368,7.39497,64.899 ,7.00613,64.823 ,6.54152,64.7264,6.15814,64.6161,5.77689,64.4545,5.32524,64.2843,4.9653 ,64.0749,4.64305,65.0824,9.14238,65.4231,8.74272,65.4535,8.26104,65.4359,7.85913,65.4048,7.37705,65.3639,6.97597,65.2935,6.49602,65.1753,6.10259,65.0296,5.71339,64.808 ,5.25564,64.5649,4.89758,64.0749,4.64305,64.0754,5.17152,64.1623,5.544  ,64.2443,5.99311,64.3145,6.36719,64.3849,6.74124,64.448 ,7.19191,64.487 ,7.56824,64.5309,8.01999,64.5931,8.39482,64.7179,8.81633,64.8075,-6.93257,-1.38464,643,142038,57.1688,11.5152,139.74 ,0
2858,65.1276,8.92279,65.0385,8.52713,64.961 ,8.06405,64.9276,7.67061,64.9007,7.27653,64.8593,6.88287,64.7939,6.49103,64.6953,6.10283,64.5709,5.71864,64.4357,5.33714,64.2719,4.96915,64.0749,4.6367 ,65.1276,8.92279,65.3703,8.51637,65.3846,8.0327 ,65.3781,7.62957,65.3749,7.22639,65.341 ,6.82388,65.2643,6.42438,65.1456,6.02984,64.9839,5.64255,64.7976,5.26028,64.5568,4.89614,64.0749,4.6367 ,64.0568,5.1828 ,64.1345,5.56529,64.2111,5.94789,64.2931,6.32997,64.3557,6.71388,64.4019,7.09887,64.4388,7.48438,64.4888,7.86915,64.56  ,8.25225,64.7423,8.6814 ,64.768 ,-6.81354,-1.38084,615,137200,54.5591,11.9747,132.669,0
2859,65.1058,8.87545,65.0285,8.40776,64.9654,8.01406,64.9217,7.61608,64.8932,7.21687,64.8449,6.8184 ,64.7735,6.42194,64.6682,6.02925,64.5465,5.63946,64.409 ,5.25333,64.2399,4.87816,64.0756,4.59455,65.1058,8.87545,65.4041,8.40464,65.3938,7.99806,65.378 ,7.59127,65.3745,7.18423,65.33  ,6.77846,65.246 ,6.37581,65.1216,5.97824,64.9582,5.58739,64.7662,5.20239,64.5176,4.83253,64.0756,4.59455,64.0405,5.06804,64.1103,5.45794,64.1871,5.84714,64.2586,6.23688,64.3373,6.62588,64.3796,7.01768,64.4255,7.40926,64.4784,7.80039,64.5563,8.18947,64.6792,8.56239,64.7639,-6.78603,-1.37289,614,135541,54.3745,11.9929,131.255,0
2860,65.1333,8.92924,65.0244,8.46078,64.9575,8.07136,64.9205,7.67754,64.8915,7.28274,64.8448,6.88871,64.7854,6.49572,64.687 ,6.10683,64.5713,5.72059,64.4333,5.33899,64.2678,4.97041,64.0685,4.6367 ,65.1333,8.92924,65.3896,8.44061,65.3797,8.03755,65.3785,7.63407,65.3626,7.23086,65.3225,6.82846,65.2487,6.42843,65.1342,6.0332 ,64.9786,5.64446,64.7924,5.26208,64.5515,4.89754,64.0685,4.6367 ,64.0574,5.1839 ,64.1349,5.56749,64.2118,5.95114,64.2881,6.33486,64.3503,6.71989,64.3907,7.10629,64.433 ,7.49257,64.4777,7.87874,64.5497,8.26285,64.6938,8.62803,64.7639,-6.83045,-1.37991,618,136737,54.6578,11.8976,133.497,0
2861,65.0762,8.96043,65.0142,8.50087,64.9585,8.11397,64.9297,7.72323,64.905 ,7.3322 ,64.8531,6.86358,64.7911,6.47462,64.6953,6.08921,64.5774,5.70721,64.4396,5.32904,64.2676,4.96715,64.062 ,4.64305,65.0762,8.96043,65.383 ,8.51477,65.3792,8.11175,65.3781,7.70842,65.3785,7.30506,65.3343,6.82223,65.2575,6.42265,65.1387,6.02801,64.9826,5.63954,64.796 ,5.25722,64.5527,4.89797,64.062 ,4.64305,64.0579,5.17543,64.1446,5.55083,64.2254,5.92679,64.2986,6.30347,64.3572,6.68153,64.3961,7.06074,64.4413,7.51586,64.4929,7.89434,64.5519,8.27234,64.6736,8.63367,64.7707,-6.84242,-1.38382,620,137568,54.9385,11.8454,134.083,0
2862,65.1397,8.99826,65.0295,8.53135,64.9636,8.14409,64.9338,7.75025,64.9101,7.35598,64.8595,6.88349,64.7936,6.49159,64.6985,6.10293,64.5797,5.71782,64.4412,5.33654,64.2685,4.97155,64.062 ,4.64305,65.1397,8.99826,65.3838,8.51221,65.3779,8.10945,65.3781,7.70633,65.3785,7.30322,65.3341,6.82068,65.2572,6.42134,65.1383,6.02695,64.9822,5.63873,64.7957,5.25665,64.5524,4.89767,64.062 ,4.64305,64.0603,5.18578,64.1477,5.56772,64.2307,5.95009,64.3033,6.33343,64.3624,6.71804,64.409 ,7.10338,64.4511,7.56657,64.5016,7.95169,64.5668,8.33572,64.7047,8.69911,64.7734,-6.853  ,-1.38358,622,138322,55.528 ,11.837 ,136.326,0
2863,65.1397,9.00452,65.0356,8.53804,64.9646,8.14848,64.9341,7.75398,64.9089,7.35921,64.863 ,6.88571,64.8003,6.49293,64.7019,6.10412,64.5859,5.7178 ,64.4471,5.33587,64.2732,4.97063,64.062 ,4.64305,65.1397,9.00452,65.3961,8.51986,65.386 ,8.11609,65.3781,7.71203,65.3781,7.30782,65.3474,6.82345,65.2703,6.423  ,65.1451,6.02851,64.9942,5.63813,64.8076,5.25491,64.563 ,4.89538,64.062 ,4.64305,64.0604,5.18616,64.1478,5.56833,64.2309,5.95092,64.3035,6.33451,64.3616,6.71942,64.4028,7.1053 ,64.445 ,7.56878,64.5019,7.95375,64.5674,8.338  ,64.7046,8.70509,64.7772,-6.85665,-1.38459,630,138868,55.6237,12.0617,135.497,0
2864,65.1333,9.01097,65.0302,8.53316,64.9623,8.13954,64.9324,7.74141,64.9142,7.34261,64.8691,6.86471,64.7989,6.46889,64.6978,6.07671,64.5808,5.68686,64.4431,5.30104,64.2683,4.92878,64.0557,4.58621,65.1333,9.01097,65.3897,8.51904,65.3793,8.11393,65.3781,7.7084 ,65.3781,7.30285,65.3463,6.81691,65.2686,6.41518,65.1417,6.01956,64.9898,5.62798,64.8072,5.2426 ,64.5614,4.87754,64.0557,4.58621,64.0524,5.12422,64.1422,5.51211,64.2242,5.90075,64.3024,6.28975,64.3677,6.67996,64.417 ,7.07124,64.4557,7.54198,64.4989,7.93366,64.5641,8.32387,64.7011,8.69747,64.776 ,-6.84459,-1.38458,630,139735,56.3713,11.79  ,136.083,0
2865,65.1396,9.01097,65.0326,8.53613,64.9657,8.1432 ,64.9388,7.74589,64.9129,7.2687 ,64.8734,6.87151,64.801 ,6.47677,64.6797,6.00724,64.5633,5.6183 ,64.4263,5.23361,64.2569,4.86509,64.0557,4.52374,65.1396,9.01097,65.3961,8.52149,65.3796,8.11779,65.3781,7.71378,65.3785,7.22894,65.3478,6.82559,65.2708,6.4253 ,65.1217,5.95195,64.9658,5.56271,64.7795,5.1798 ,64.5431,4.81434,64.0557,4.52374,64.0485,5.05275,64.132 ,5.44078,64.2089,5.82942,64.2858,6.21806,64.3689,6.6853 ,64.4239,7.07579,64.4564,7.4676 ,64.5113,7.93687,64.5711,8.32691,64.7027,8.70086,64.7771,-6.83074,-1.38502,633,140890,57.0834,11.7115,138.912,0
2866,65.1461,9.00452,65.0399,8.5379 ,64.9707,8.14765,64.9359,7.67398,64.9168,7.27864,64.8665,6.80515,64.7859,6.41379,64.681 ,6.02563,64.536 ,5.56257,64.3952,5.18092,64.2234,4.81495,64.0116,4.4796 ,65.1461,9.00452,65.4026,8.52066,65.3861,8.11727,65.3781,7.63294,65.3785,7.22921,65.3352,6.74589,65.2507,6.34672,65.1162,5.95413,64.9302,5.48722,64.7397,5.1054 ,64.4932,4.74578,64.0116,4.4796 ,64.0294,5.02473,64.1115,5.4082 ,64.1938,5.79165,64.2939,6.25168,64.3637,6.63632,64.4218,7.02184,64.4638,7.48625,64.5016,7.8731 ,64.5795,8.33523,64.7104,8.7045 ,64.7695,-6.80091,-1.3776 ,638,141809,57.7384,11.6755,141.154,0
2867,65.1397,8.91008,65.0352,8.44993,64.964 ,8.06246,64.939 ,7.66812,64.9071,7.19485,64.8626,6.80105,64.7844,6.40998,64.6569,5.94522,64.5349,5.56044,64.4002,5.17848,64.2284,4.81338,64.0116,4.4796 ,65.1397,8.91008,65.3964,8.4335 ,65.3857,8.03047,65.3781,7.62719,65.3748,7.14315,65.3408,6.74048,65.2556,6.34168,65.0905,5.87155,64.9289,5.48405,64.7439,5.10134,64.4968,4.74256,64.0116,4.4796 ,64.0358,5.02452,64.1174,5.4071 ,64.1935,5.7902 ,64.2691,6.17335,64.3495,6.63409,64.4086,7.01879,64.4518,7.4044 ,64.5054,7.86703,64.5662,8.2514 ,64.7035,8.61521,64.7644,-6.75343,-1.37461,628,139692,56.5912,11.9046,138.326,0
2868,65.1579,8.79934,65.0601,8.35974,64.994 ,7.94895,64.9496,7.56401,64.8946,7.09729,64.8251,6.67835,64.7359,6.3145 ,64.6191,5.92176,64.4998,5.52927,64.3603,5.1187 ,64.1781,4.71046,63.9941,4.39924,65.1579,8.79934,65.425 ,8.30515,65.4249,7.81304,65.401 ,7.35867,65.3528,6.82732,65.28  ,6.37892,65.1721,6.03714,65.0227,5.69872,64.8754,5.35402,64.6946,4.99791,64.4313,4.64646,63.9941,4.39924,63.9827,4.8865 ,64.07  ,5.35859,64.1588,5.81919,64.2499,6.25477,64.3311,6.7084 ,64.3959,7.10898,64.4563,7.51843,64.5154,7.92656,64.5825,8.23168,64.7204,8.53593,64.749 ,-6.66012,-1.35738,606,134487,56.1198,14.0304,129.255,0
2869,65.229 ,8.70997,65.0881,8.2869 ,65.0087,7.89138,64.9433,7.45525,64.8902,7.0859 ,64.8214,6.66217,64.7141,6.23016,64.6089,5.88846,64.4836,5.48724,64.3421,5.06332,64.1943,4.698  ,64.0143,4.3513 ,65.229 ,8.70997,65.4392,8.18168,65.4205,7.70515,65.3763,7.20073,65.3294,6.79183,65.2635,6.34329,65.1424,5.92701,65.0146,5.62057,64.855 ,5.27939,64.6643,4.93003,64.4497,4.61307,64.0143,4.3513 ,63.9903,4.90066,64.0645,5.32063,64.1482,5.81203,64.2388,6.26946,64.3198,6.64967,64.4044,7.11642,64.4721,7.5269 ,64.5317,7.85763,64.6206,8.21695,64.7687,8.50987,64.7457,-6.601  ,-1.34732,600,132090,55.6597,14.1425,129.255,0
2870,65.318 ,8.74127,65.1597,8.32194,65.0383,7.88941,64.9607,7.49222,64.8923,7.08365,64.823 ,6.68021,64.7401,6.30481,64.6249,5.90116,64.4844,5.45374,64.3692,5.10602,64.1931,4.69212,64.0019,4.35961,65.318 ,8.74127,65.5081,8.23172,65.4634,7.74356,65.3986,7.29305,65.3333,6.84456,65.2652,6.41501,65.1749,6.03743,65.0333,5.66379,64.8528,5.27266,64.7023,4.97656,64.4502,4.60344,64.0019,4.35961,63.9902,4.89519,64.0781,5.35389,64.1513,5.74791,64.2508,6.25113,64.3353,6.6928 ,64.4052,7.07676,64.4736,7.45964,64.5469,7.82539,64.6421,8.16545,64.8521,8.52266,64.763 ,-6.61708,-1.33688,602,132685,56.2905,13.279 ,130.912,0
2871,65.2945,8.75025,65.1498,8.30398,65.0541,7.91445,64.9762,7.51093,64.9005,7.11606,64.823 ,6.73035,64.7365,6.36394,64.6311,5.94566,64.5125,5.54316,64.3762,5.14228,64.2423,4.79255,64.0944,4.43007,65.2945,8.75025,65.5026,8.22676,65.4766,7.78672,65.4153,7.33479,65.3434,6.90472,65.2655,6.50342,65.1704,6.14469,65.0489,5.75018,64.9081,5.38567,64.7369,5.04465,64.549 ,4.73602,64.0944,4.43007,63.9811,4.96395,64.0571,5.35659,64.153 ,5.81362,64.244 ,6.25995,64.3322,6.70352,64.4073,7.08345,64.4826,7.45831,64.5625,7.82004,64.6591,8.17723,64.8338,8.50024,64.7548,-6.60177,-1.32892,603,132982,54.9898,12.6748,130.083,0
2872,65.296 ,8.66299,65.1479,8.26897,65.047 ,7.83756,64.9767,7.44182,64.9006,7.05959,64.8144,6.69858,64.6991,6.30156,64.5911,5.89123,64.494 ,5.5459 ,64.3624,5.14655,64.2378,4.79255,64.1055,4.42682,65.296 ,8.66299,65.5162,8.18592,65.4713,7.72677,65.4105,7.294  ,65.3437,6.86773,65.2638,6.47856,65.1405,6.08713,65.0098,5.71207,64.8946,5.39933,64.737 ,5.04528,64.553 ,4.73809,64.1055,4.42682,63.9637,4.96413,64.0283,5.3639 ,64.1272,5.80643,64.2033,6.18766,64.2907,6.62966,64.3954,7.03583,64.4845,7.37569,64.5664,7.72072,64.6471,8.07939,64.8155,8.46052,64.746 ,-6.58185,-1.32039,603,133684,53.9458,12.6256,130.083,0
2873,65.2011,8.62348,65.1227,8.22422,65.0284,7.75933,64.9604,7.36296,64.8809,6.96727,64.7861,6.57326,64.6778,6.18078,64.5538,5.79109,64.4556,5.47952,64.317 ,5.09301,64.1671,4.71401,63.987 ,4.36324,65.2011,8.62348,65.459 ,8.22428,65.4487,7.73874,65.4141,7.33381,65.3479,6.93084,65.2773,6.52856,65.1678,6.13032,65.0146,5.73892,64.8847,5.4273 ,64.6986,5.04245,64.4754,4.66785,63.987 ,4.36324,63.9283,4.90685,63.9863,5.29867,64.0719,5.68796,64.1437,5.99905,64.2337,6.38789,64.3379,6.77501,64.4411,7.16228,64.5382,7.55039,64.6352,7.9385 ,64.8161,8.37091,64.7224,-6.52096,-1.31038,616,135535,54.4353,11.8838,132.326,0
2874,65.1984,8.64878,65.1005,8.20911,65.0373,7.7721 ,64.98  ,7.40256,64.8974,6.98671,64.7797,6.55371,64.6716,6.20082,64.5319,5.81194,64.3902,5.42269,64.2607,4.99057,64.1304,4.6017 ,63.9856,4.24774,65.1984,8.64878,65.4456,8.15552,65.4398,7.63739,65.3986,7.2143 ,65.3265,6.75278,65.21  ,6.30388,65.0939,5.95987,64.946 ,5.57867,64.7888,5.21513,64.6378,4.84079,64.4496,4.51678,63.9856,4.24774,63.8581,4.81439,63.9223,5.26817,64.0297,5.7463 ,64.1589,6.15429,64.2868,6.55697,64.3848,6.92292,64.4985,7.35261,64.5854,7.73702,64.6562,8.05568,64.7781,8.39783,64.6912,-6.43779,-1.30454,621,136848,56.0401,12.6227,130.669,0
2875,65.1741,8.47353,65.081 ,8.07214,65.0012,7.67945,64.9125,7.20152,64.8341,6.80352,64.7494,6.48749,64.6329,6.09391,64.4998,5.7028 ,64.3661,5.31202,64.233 ,4.92247,64.0859,4.53973,63.9331,4.19283,65.1741,8.47353,65.4255,8.06557,65.4135,7.65894,65.3527,7.17245,65.3004,6.76714,65.2294,6.44539,65.116 ,6.04619,64.9735,5.65154,64.8214,5.25845,64.6465,4.86975,64.4286,4.49275,63.9331,4.19283,63.804 ,4.73611,63.8762,5.12983,63.9634,5.52199,64.0796,5.91053,64.1979,6.29876,64.311 ,6.68772,64.4003,6.99905,64.4981,7.39015,64.615 ,7.85951,64.774 ,8.22406,64.6499,-6.32476,-1.29771,631,139297,54.7014,11.6522,133.74 ,0
2876,65.1397,8.35074,65.032 ,7.87291,64.9457,7.47625,64.8656,7.07757,64.7738,6.67996,64.6714,6.28348,64.5522,5.88922,64.4201,5.4969 ,64.2651,5.02614,64.1424,4.63366,64.0511,4.2414 ,63.9757,3.87553,65.1397,8.35074,65.4024,7.86979,65.3766,7.46771,65.3212,7.06625,65.2504,6.66602,65.1634,6.26735,65.041 ,5.87309,64.8967,5.48242,64.7051,5.01696,64.5413,4.62988,64.3698,4.24442,63.9757,3.87553,63.7678,4.39229,63.7894,4.79452,63.8731,5.19287,63.9978,5.66809,64.1117,6.0628 ,64.2279,6.45723,64.3373,6.85255,64.4417,7.2485 ,64.5489,7.6441 ,64.6946,8.0282 ,64.5985,-6.16823,-1.30166,649,143066,56.6522,11.6812,138.326,0
2877,65.1339,8.23138,65.006 ,7.75942,64.9268,7.36498,64.8215,6.89095,64.7271,6.49634,64.6101,6.10456,64.4583,5.63623,64.3285,5.24677,64.2099,4.85573,64.1126,4.46292,64.0164,3.99168,63.9311,3.61752,65.1339,8.23138,65.376 ,7.72542,65.3512,7.32821,65.2877,6.85316,65.2031,6.45995,65.096 ,6.06945,64.9377,5.60519,64.7839,5.22209,64.6361,4.83782,64.4884,4.45352,64.3106,3.99265,63.9311,3.61752,63.7512,4.14695,63.7726,4.62963,63.829 ,5.03027,63.921 ,5.42786,64.0327,5.82289,64.1723,6.29621,64.2879,6.69073,64.3964,7.08619,64.5262,7.56078,64.6743,7.94463,64.5565,-6.01421,-1.30674,661,145890,58.4145,11.6381,141.74 ,0
2878,65.0573,8.07391,64.9858,7.63252,64.9062,7.25079,64.7991,6.78088,64.7073,6.38932,64.5946,6.00037,64.4723,5.61282,64.3443,5.22641,64.2101,4.76069,64.1107,4.37175,64.0205,3.98354,63.9311,3.61752,65.0573,8.07391,65.3523,7.62535,65.3438,7.22918,65.2717,6.75619,65.1873,6.36424,65.0855,5.97435,64.9605,5.58765,64.8192,5.20366,64.6327,4.74589,64.479 ,4.36407,64.3236,3.98262,63.9311,3.61752,63.7554,4.13841,63.778 ,4.5354 ,63.8294,4.93105,63.9217,5.40336,64.0358,5.7926 ,64.1497,6.18186,64.2669,6.5707 ,64.3642,6.96213,64.5018,7.42926,64.6462,7.78531,64.5477,-5.92088,-1.30586,643,141548,56.3118,11.728 ,136.912,0
2879,65.1247,7.95303,64.9881,7.55178,64.8956,7.13703,64.813 ,6.68316,64.7267,6.32895,64.5937,5.89699,64.4451,5.49149,64.3136,5.13005,64.1994,4.70944,64.1299,4.29006,64.0813,3.86807,64.0437,3.50272,65.1247,7.95303,65.3522,7.46377,65.314 ,6.99483,65.2479,6.46435,65.1596,6.07739,65.0214,5.62435,64.8625,5.20402,64.7135,4.84895,64.5633,4.49538,64.4499,4.17393,64.3337,3.85239,64.0437,3.50272,63.8419,4.02048,63.8303,4.54878,63.8635,5.0551 ,63.9512,5.51793,64.0656,5.87942,64.2016,6.27378,64.3239,6.69454,64.4037,7.02742,64.4999,7.40862,64.6561,7.74047,64.5532,-5.83849,-1.31264,612,136004,56.2579,12.7978,132.326,0
2880,65.0674,7.8395 ,64.965 ,7.40834,64.8791,6.99912,64.8097,6.61455,64.7002,6.19848,64.5873,5.83723,64.4475,5.44278,64.3046,5.04362,64.1916,4.64215,64.1257,4.24285,64.0772,3.8419 ,64.0177,3.4947 ,65.0674,7.8395 ,65.3379,7.31133,65.2921,6.83654,65.2373,6.41975,65.1407,5.97827,65.023 ,5.58958,64.8718,5.16919,64.7127,4.76472,64.5562,4.43439,64.4423,4.12693,64.3299,3.80872,64.0177,3.4947 ,63.84  ,4.00355,63.8277,4.49537,63.8549,4.97471,63.9326,5.42581,64.0577,5.815  ,64.1857,6.18566,64.2905,6.52263,64.403 ,6.91436,64.4881,7.27944,64.6205,7.61393,64.5447,-5.76192,-1.30978,597,131962,54.8582,12.7155,128.912,0
