Date,X,Y
01/01/2014 00:00:01,107.360000610352,110.660003662109
01/01/2014 00:00:02,107.674285888672,110.502853393555
01/01/2014 00:00:03,107.934448242188,110.334892272949
01/01/2014 00:00:04,108.08162689209,110.272445678711
01/01/2014 00:00:05,108.303634643555,110.216171264648
01/01/2014 00:00:06,108.552337646484,110.196067810059
01/01/2014 00:00:07,108.729057312012,110.202156066895
01/01/2014 00:00:08,108.902359008789,110.150108337402
01/01/2014 00:00:09,109.036888122559,110.105110168457
01/01/2014 00:00:10,109.205986022949,110.154457092285
01/01/2014 00:00:11,109.419273376465,110.083587646484
01/01/2014 00:00:12,109.719520568848,109.875457763672
01/01/2014 00:00:13,110.072982788086,109.668907165527
01/01/2014 00:00:14,110.304695129395,109.649688720703
01/01/2014 00:00:15,110.414672851563,109.653785705566
01/01/2014 00:00:16,110.474731445313,109.665031433105
01/01/2014 00:00:17,110.543754577637,109.542823791504
01/01/2014 00:00:18,110.705505371094,109.308204650879
01/01/2014 00:00:19,111.004516601563,109.100959777832
01/01/2014 00:00:20,111.24836730957,109.027168273926
01/01/2014 00:00:21,111.390655517578,109.051643371582
01/01/2014 00:00:22,111.472229003906,109.037124633789
01/01/2014 00:00:23,111.48078918457,109.015174865723
01/01/2014 00:00:24,111.584091186523,108.808494567871
01/01/2014 00:00:25,111.73021697998,108.647926330566
01/01/2014 00:00:26,112.002342224121,108.406349182129
01/01/2014 00:00:27,112.295425415039,108.209136962891
01/01/2014 00:00:28,112.489128112793,108.146430969238
01/01/2014 00:00:29,112.592697143555,108.175888061523
01/01/2014 00:00:30,112.598213195801,108.160911560059
01/01/2014 00:00:31,112.819732666016,107.941917419434
01/01/2014 00:00:32,113.323600769043,107.573760986328
01/01/2014 00:00:33,113.711006164551,107.296661376953
01/01/2014 00:00:34,113.88703918457,107.155464172363
01/01/2014 00:00:35,113.872535705566,107.153289794922
01/01/2014 00:00:36,113.918167114258,107.079689025879
01/01/2014 00:00:37,114.156181335449,106.890441894531
01/01/2014 00:00:38,114.527359008789,106.700492858887
01/01/2014 00:00:39,114.799140930176,106.622276306152
01/01/2014 00:00:40,114.93473815918,106.571151733398
01/01/2014 00:00:41,114.934494018555,106.626167297363
01/01/2014 00:00:42,115.008407592773,106.627410888672
01/01/2014 00:00:43,115.328651428223,106.476112365723
01/01/2014 00:00:44,115.820571899414,106.221717834473
01/01/2014 00:00:45,116.157691955566,106.075057983398
01/01/2014 00:00:46,116.297348022461,106.059089660645
01/01/2014 00:00:47,116.273643493652,106.041282653809
01/01/2014 00:00:48,116.261772155762,106.033218383789
01/01/2014 00:00:49,116.586112976074,105.904167175293
01/01/2014 00:00:50,117.116607666016,105.671836853027
01/01/2014 00:00:51,117.483673095703,105.469284057617
01/01/2014 00:00:52,117.632095336914,105.398406982422
01/01/2014 00:00:53,117.668159484863,105.358474731445
01/01/2014 00:00:54,117.831474304199,105.289909362793
01/01/2014 00:00:55,118.145301818848,105.185173034668
01/01/2014 00:00:56,118.530410766602,105.062484741211
01/01/2014 00:00:57,118.847389221191,104.939918518066
01/01/2014 00:00:58,119.014358520508,104.889686584473
01/01/2014 00:00:59,119.086181640625,104.898750305176
01/01/2014 00:01:00,119.27123260498,104.797050476074
01/01/2014 00:01:01,119.52335357666,104.709884643555
01/01/2014 00:01:02,119.848907470703,104.615219116211
01/01/2014 00:01:03,120.142349243164,104.573303222656
01/01/2014 00:01:04,120.314422607422,104.512878417969
01/01/2014 00:01:05,120.400100708008,104.480491638184
01/01/2014 00:01:06,120.399803161621,104.478713989258
01/01/2014 00:01:07,120.494155883789,104.425659179688
01/01/2014 00:01:08,120.701446533203,104.317993164063
01/01/2014 00:01:09,121.092300415039,104.186546325684
01/01/2014 00:01:10,121.39282989502,104.122856140137
01/01/2014 00:01:11,121.5439453125,104.124534606934
01/01/2014 00:01:12,121.674377441406,104.152038574219
01/01/2014 00:01:13,121.719413757324,104.17391204834
01/01/2014 00:01:14,121.767723083496,104.18058013916
01/01/2014 00:01:15,121.983505249023,104.047332763672
01/01/2014 00:01:16,122.270477294922,103.870391845703
01/01/2014 00:01:17,122.612030029297,103.715003967285
01/01/2014 00:01:18,122.839416503906,103.595230102539
01/01/2014 00:01:19,122.950736999512,103.560699462891
01/01/2014 00:01:20,123.013664245605,103.581504821777
01/01/2014 00:01:21,123.084495544434,103.547874450684
01/01/2014 00:01:22,123.246551513672,103.44686126709
01/01/2014 00:01:23,123.545066833496,103.312911987305
01/01/2014 00:01:24,123.788391113281,103.244445800781
01/01/2014 00:01:25,123.995323181152,103.243225097656
01/01/2014 00:01:26,124.130149841309,103.270309448242
01/01/2014 00:01:27,124.220764160156,103.293029785156
01/01/2014 00:01:28,124.239791870117,103.300567626953
01/01/2014 00:01:29,124.283103942871,103.232551574707
01/01/2014 00:01:30,124.440582275391,103.108787536621
01/01/2014 00:01:31,124.616897583008,102.970260620117
01/01/2014 00:01:32,124.826705932617,102.842506408691
01/01/2014 00:01:33,125.056259155273,102.859390258789
01/01/2014 00:01:34,125.223411560059,102.925651550293
01/01/2014 00:01:35,125.331253051758,102.973091125488
01/01/2014 00:01:36,125.416038513184,102.984832763672
01/01/2014 00:01:37,125.506233215332,102.910133361816
01/01/2014 00:01:38,125.610328674316,102.779151916504
01/01/2014 00:01:39,125.788482666016,102.637451171875
01/01/2014 00:01:40,126.021697998047,102.510055541992
01/01/2014 00:01:41,126.269706726074,102.463653564453
01/01/2014 00:01:42,126.37752532959,102.477851867676
01/01/2014 00:01:43,126.42911529541,102.443656921387
01/01/2014 00:01:44,126.492080688477,102.344909667969
01/01/2014 00:01:45,126.587455749512,102.277908325195
01/01/2014 00:01:46,126.834495544434,102.13370513916
01/01/2014 00:01:47,127.062942504883,102.042877197266
01/01/2014 00:01:48,127.343643188477,101.897758483887
01/01/2014 00:01:49,127.545112609863,101.815956115723
01/01/2014 00:01:50,127.660133361816,101.743499755859
01/01/2014 00:01:51,127.73673248291,101.71760559082
01/01/2014 00:01:52,128.01188659668,101.726089477539
01/01/2014 00:01:53,128.335968017578,101.67879486084
01/01/2014 00:01:54,128.618728637695,101.636512756348
01/01/2014 00:01:55,128.847534179688,101.556350708008
01/01/2014 00:01:56,128.984146118164,101.507926940918
01/01/2014 00:01:57,129.067230224609,101.501075744629
01/01/2014 00:01:58,129.144226074219,101.450454711914
01/01/2014 00:01:59,129.432815551758,101.411727905273
01/01/2014 00:02:00,129.962371826172,101.400718688965
01/01/2014 00:02:01,130.343353271484,101.407569885254
01/01/2014 00:02:02,130.503570556641,101.41771697998
01/01/2014 00:02:03,130.543594360352,101.423225402832
01/01/2014 00:02:04,130.835083007813,101.358711242676
01/01/2014 00:02:05,131.317306518555,101.368385314941
01/01/2014 00:02:06,131.72314453125,101.402801513672
01/01/2014 00:02:07,131.92317199707,101.427055358887
01/01/2014 00:02:08,131.985656738281,101.432846069336
01/01/2014 00:02:09,132.084625244141,101.427642822266
01/01/2014 00:02:10,132.269943237305,101.421005249023
01/01/2014 00:02:11,132.770614624023,101.482559204102
01/01/2014 00:02:12,133.170272827148,101.600662231445
01/01/2014 00:02:13,133.42253112793,101.672317504883
01/01/2014 00:02:14,133.465545654297,101.682647705078
01/01/2014 00:02:15,133.591979980469,101.661735534668
01/01/2014 00:02:16,133.807815551758,101.640335083008
01/01/2014 00:02:17,134.192520141602,101.696235656738
01/01/2014 00:02:18,134.6142578125,101.815742492676
01/01/2014 00:02:19,134.867324829102,101.89087677002
01/01/2014 00:02:20,134.966827392578,101.90348815918
01/01/2014 00:02:21,135.009521484375,101.883018493652
01/01/2014 00:02:22,135.198348999023,101.796173095703
01/01/2014 00:02:23,135.595260620117,101.73331451416
01/01/2014 00:02:24,135.908325195313,101.652496337891
01/01/2014 00:02:25,136.067230224609,101.547096252441
01/01/2014 00:02:26,136.134063720703,101.493774414063
01/01/2014 00:02:27,136.253433227539,101.493263244629
01/01/2014 00:02:28,136.323974609375,101.514717102051
01/01/2014 00:02:29,136.397750854492,101.59740447998
01/01/2014 00:02:30,136.429336547852,101.656448364258
01/01/2014 00:02:31,136.489868164063,101.73583984375
01/01/2014 00:02:32,136.526580810547,101.711891174316
01/01/2014 00:02:33,136.661605834961,101.724540710449
01/01/2014 00:02:34,136.951950073242,101.809616088867
01/01/2014 00:02:35,137.134796142578,101.809356689453
01/01/2014 00:02:36,137.230560302734,101.77424621582
01/01/2014 00:02:37,137.493621826172,101.680671691895
01/01/2014 00:02:38,137.735046386719,101.618293762207
01/01/2014 00:02:39,137.890090942383,101.605506896973
01/01/2014 00:02:40,138.112869262695,101.62060546875
01/01/2014 00:02:41,138.296936035156,101.638236999512
01/01/2014 00:02:42,138.421432495117,101.711380004883
01/01/2014 00:02:43,138.512939453125,101.764167785645
01/01/2014 00:02:44,138.731567382813,101.647720336914
01/01/2014 00:02:45,139.132904052734,101.53052520752
01/01/2014 00:02:46,139.567123413086,101.482131958008
01/01/2014 00:02:47,139.823623657227,101.425636291504
01/01/2014 00:02:48,139.920822143555,101.399139404297
01/01/2014 00:02:49,139.960205078125,101.400566101074
01/01/2014 00:02:50,140.082397460938,101.34774017334
01/01/2014 00:02:51,140.296249389648,101.23893737793
01/01/2014 00:02:52,140.616195678711,101.171340942383
01/01/2014 00:02:53,140.985595703125,101.160507202148
01/01/2014 00:02:54,141.157440185547,101.179359436035
01/01/2014 00:02:55,141.21174621582,101.199264526367
01/01/2014 00:02:56,141.380432128906,101.142990112305
01/01/2014 00:02:57,141.756057739258,101.023780822754
01/01/2014 00:02:58,142.254531860352,100.949058532715
01/01/2014 00:02:59,142.574310302734,100.936653137207
01/01/2014 00:03:00,142.697052001953,100.957122802734
01/01/2014 00:03:01,142.731460571289,100.91414642334
01/01/2014 00:03:02,142.903945922852,100.870475769043
01/01/2014 00:03:03,143.29084777832,100.787406921387
01/01/2014 00:03:04,143.732162475586,100.802040100098
01/01/2014 00:03:05,143.935516357422,100.848121643066
01/01/2014 00:03:06,144.051071166992,100.879928588867
01/01/2014 00:03:07,144.127334594727,100.88712310791
01/01/2014 00:03:08,144.272247314453,100.879974365234
01/01/2014 00:03:09,144.684219360352,100.93603515625
01/01/2014 00:03:10,145.222290039063,101.049835205078
01/01/2014 00:03:11,145.559631347656,101.120208740234
01/01/2014 00:03:12,145.680541992188,101.13126373291
01/01/2014 00:03:13,145.706237792969,101.176338195801
01/01/2014 00:03:14,145.872329711914,101.208786010742
01/01/2014 00:03:15,146.062942504883,101.281784057617
01/01/2014 00:03:16,146.345825195313,101.393249511719
01/01/2014 00:03:17,146.564590454102,101.584495544434
01/01/2014 00:03:18,146.692916870117,101.695686340332
01/01/2014 00:03:19,146.773330688477,101.708465576172
01/01/2014 00:03:20,146.916412353516,101.73819732666
01/01/2014 00:03:21,147.130554199219,101.822235107422
01/01/2014 00:03:22,147.442184448242,102.008728027344
01/01/2014 00:03:23,147.674896240234,102.257011413574
01/01/2014 00:03:24,147.802856445313,102.384223937988
01/01/2014 00:03:25,147.812393188477,102.451614379883
01/01/2014 00:03:26,147.832580566406,102.454719543457
01/01/2014 00:03:27,148.039855957031,102.559364318848
01/01/2014 00:03:28,148.396270751953,102.708824157715
01/01/2014 00:03:29,148.798278808594,102.98314666748
01/01/2014 00:03:30,148.981903076172,103.146903991699
01/01/2014 00:03:31,149.032531738281,103.233604431152
01/01/2014 00:03:32,148.998718261719,103.23755645752
01/01/2014 00:03:33,149.144836425781,103.270111083984
01/01/2014 00:03:34,149.473220825195,103.424942016602
01/01/2014 00:03:35,149.812454223633,103.668365478516
01/01/2014 00:03:36,149.956069946289,103.869453430176
01/01/2014 00:03:37,149.999618530273,103.934577941895
01/01/2014 00:03:38,150.041290283203,103.970390319824
01/01/2014 00:03:39,150.187377929688,104.037925720215
01/01/2014 00:03:40,150.484756469727,104.143524169922
01/01/2014 00:03:41,150.798568725586,104.332206726074
01/01/2014 00:03:42,150.998916625977,104.508567810059
01/01/2014 00:03:43,151.034576416016,104.575866699219
01/01/2014 00:03:44,151.111373901367,104.623603820801
01/01/2014 00:03:45,151.224639892578,104.63516998291
01/01/2014 00:03:46,151.415802001953,104.68994140625
01/01/2014 00:03:47,151.52619934082,104.730140686035
01/01/2014 00:03:48,151.668090820313,104.805526733398
01/01/2014 00:03:49,151.933837890625,104.915756225586
01/01/2014 00:03:50,152.158554077148,104.975280761719
01/01/2014 00:03:51,152.233901977539,104.978889465332
01/01/2014 00:03:52,152.333282470703,105.022308349609
01/01/2014 00:03:53,152.448791503906,105.186195373535
01/01/2014 00:03:54,152.567657470703,105.367729187012
01/01/2014 00:03:55,152.617797851563,105.449440002441
01/01/2014 00:03:56,152.739929199219,105.571754455566
01/01/2014 00:03:57,152.884429931641,105.768341064453
01/01/2014 00:03:58,152.952896118164,105.879455566406
01/01/2014 00:03:59,152.949783325195,105.954849243164
01/01/2014 00:04:00,152.984024047852,106.100868225098
01/01/2014 00:04:01,153.078262329102,106.319496154785
01/01/2014 00:04:02,153.141540527344,106.438972473145
01/01/2014 00:04:03,153.089920043945,106.382438659668
01/01/2014 00:04:04,153.021606445313,106.287033081055
01/01/2014 00:04:05,152.921859741211,106.167083740234
01/01/2014 00:04:06,152.997802734375,106.107795715332
01/01/2014 00:04:07,153.165893554688,106.108367919922
01/01/2014 00:04:08,153.337524414063,106.068283081055
01/01/2014 00:04:09,153.409408569336,106.03515625
01/01/2014 00:04:10,153.397964477539,106.024421691895
01/01/2014 00:04:11,153.488830566406,106.029205322266
01/01/2014 00:04:12,153.7626953125,106.167282104492
01/01/2014 00:04:13,154.014999389648,106.343475341797
01/01/2014 00:04:14,154.109664916992,106.496276855469
01/01/2014 00:04:15,154.08381652832,106.549362182617
01/01/2014 00:04:16,154.153533935547,106.595108032227
01/01/2014 00:04:17,154.35107421875,106.610862731934
01/01/2014 00:04:18,154.484558105469,106.605018615723
01/01/2014 00:04:19,154.577911376953,106.593765258789
01/01/2014 00:04:20,154.534881591797,106.586929321289
01/01/2014 00:04:21,154.331527709961,106.5859375
01/01/2014 00:04:22,154.182327270508,106.587921142578
01/01/2014 00:04:23,154.143341064453,106.654838562012
01/01/2014 00:04:24,154.107681274414,106.708923339844
01/01/2014 00:04:25,154.159301757813,106.855598449707
01/01/2014 00:04:26,154.216262817383,106.953750610352
01/01/2014 00:04:27,154.241836547852,106.974113464355
01/01/2014 00:04:28,154.369201660156,107.080299377441
01/01/2014 00:04:29,154.528076171875,107.288818359375
01/01/2014 00:04:30,154.606185913086,107.416343688965
01/01/2014 00:04:31,154.605087280273,107.435432434082
01/01/2014 00:04:32,154.637023925781,107.593391418457
01/01/2014 00:04:33,154.728546142578,107.844917297363
01/01/2014 00:04:34,154.790542602539,108.051361083984
01/01/2014 00:04:35,154.803863525391,108.117553710938
01/01/2014 00:04:36,154.724487304688,108.216926574707
01/01/2014 00:04:37,154.653884887695,108.271301269531
01/01/2014 00:04:38,154.628540039063,108.404891967773
01/01/2014 00:04:39,154.571807861328,108.492195129395
01/01/2014 00:04:40,154.600555419922,108.444152832031
01/01/2014 00:04:41,154.777145385742,108.433792114258
01/01/2014 00:04:42,154.975128173828,108.509864807129
01/01/2014 00:04:43,155.065124511719,108.641418457031
01/01/2014 00:04:44,155.122604370117,108.718139648438
01/01/2014 00:04:45,155.132858276367,108.727119445801
01/01/2014 00:04:46,155.117691040039,108.703018188477
01/01/2014 00:04:47,155.101028442383,108.679550170898
01/01/2014 00:04:48,155.158462524414,108.735061645508
01/01/2014 00:04:49,155.147552490234,108.725364685059
01/01/2014 00:04:50,154.985275268555,108.564880371094
01/01/2014 00:04:51,154.856628417969,108.30744934082
01/01/2014 00:04:52,154.882507324219,108.226928710938
01/01/2014 00:04:53,154.826766967773,108.331352233887
01/01/2014 00:04:54,154.640686035156,108.514938354492
01/01/2014 00:04:55,154.445983886719,108.752471923828
01/01/2014 00:04:56,154.297714233398,109.001800537109
01/01/2014 00:04:57,154.255920410156,109.173789978027
01/01/2014 00:04:58,154.282470703125,109.147758483887
01/01/2014 00:04:59,154.25651550293,109.185577392578
01/01/2014 00:05:00,154.224334716797,109.421913146973
01/01/2014 00:05:01,154.143707275391,109.665176391602
01/01/2014 00:05:02,154.02587890625,109.962440490723
01/01/2014 00:05:03,153.962280273438,110.171417236328
01/01/2014 00:05:04,153.8935546875,110.220924377441
01/01/2014 00:05:05,153.863265991211,110.240692138672
01/01/2014 00:05:06,153.801727294922,110.431213378906
01/01/2014 00:05:07,153.763671875,110.644302368164
01/01/2014 00:05:08,153.627944946289,110.870727539063
01/01/2014 00:05:09,153.467315673828,110.969085693359
01/01/2014 00:05:10,153.391204833984,111.021766662598
01/01/2014 00:05:11,153.264907836914,111.08952331543
01/01/2014 00:05:12,153.127639770508,111.318115234375
01/01/2014 00:05:13,153.066818237305,111.542755126953
01/01/2014 00:05:14,153.073226928711,111.633285522461
01/01/2014 00:05:15,153.168319702148,111.420791625977
01/01/2014 00:05:16,153.243698120117,111.144432067871
01/01/2014 00:05:17,153.266555786133,111.004852294922
01/01/2014 00:05:18,153.124618530273,111.003700256348
01/01/2014 00:05:19,152.933929443359,111.060028076172
01/01/2014 00:05:20,152.770812988281,111.106704711914
01/01/2014 00:05:21,152.90983581543,111.057029724121
01/01/2014 00:05:22,152.961059570313,111.061988830566
01/01/2014 00:05:23,153.010940551758,111.086441040039
01/01/2014 00:05:24,153.225463867188,111.039596557617
01/01/2014 00:05:25,153.445892333984,110.99112701416
01/01/2014 00:05:26,153.53874206543,110.970581054688
01/01/2014 00:05:27,153.524505615234,111.10334777832
01/01/2014 00:05:28,153.409851074219,111.285591125488
01/01/2014 00:05:29,153.321624755859,111.380645751953
01/01/2014 00:05:30,153.296264648438,111.448745727539
01/01/2014 00:05:31,153.311660766602,111.465629577637
01/01/2014 00:05:32,153.334686279297,111.516418457031
01/01/2014 00:05:33,153.217529296875,111.745780944824
01/01/2014 00:05:34,153.047073364258,111.978004455566
01/01/2014 00:05:35,152.955276489258,112.07445526123
01/01/2014 00:05:36,152.885025024414,112.252937316895
01/01/2014 00:05:37,152.800155639648,112.554428100586
01/01/2014 00:05:38,152.694473266602,112.79345703125
01/01/2014 00:05:39,152.577713012695,112.995635986328
01/01/2014 00:05:40,152.460388183594,113.12833404541
01/01/2014 00:05:41,152.412033081055,113.154266357422
01/01/2014 00:05:42,152.355606079102,113.185981750488
01/01/2014 00:05:43,152.199401855469,113.331108093262
01/01/2014 00:05:44,151.964645385742,113.631790161133
01/01/2014 00:05:45,151.771240234375,113.883834838867
01/01/2014 00:05:46,151.643981933594,113.967277526855
01/01/2014 00:05:47,151.489166259766,114.126968383789
01/01/2014 00:05:48,151.349487304688,114.288627624512
01/01/2014 00:05:49,151.103759765625,114.55037689209
01/01/2014 00:05:50,150.959457397461,114.698822021484
01/01/2014 00:05:51,150.876983642578,114.713233947754
01/01/2014 00:05:52,150.673904418945,114.858779907227
01/01/2014 00:05:53,150.476226806641,115.037162780762
01/01/2014 00:05:54,150.267623901367,115.253555297852
01/01/2014 00:05:55,150.047790527344,115.487670898438
01/01/2014 00:05:56,149.888137817383,115.59098815918
01/01/2014 00:05:57,149.782455444336,115.644584655762
01/01/2014 00:05:58,149.566619873047,115.840797424316
01/01/2014 00:05:59,149.303146362305,116.174415588379
01/01/2014 00:06:00,148.980880737305,116.497398376465
01/01/2014 00:06:01,148.824569702148,116.625534057617
01/01/2014 00:06:02,148.763641357422,116.727920532227
01/01/2014 00:06:03,148.712905883789,116.889099121094
01/01/2014 00:06:04,148.566528320313,117.109092712402
01/01/2014 00:06:05,148.337493896484,117.482955932617
01/01/2014 00:06:06,148.144760131836,117.634590148926
01/01/2014 00:06:07,148.015701293945,117.670501708984
01/01/2014 00:06:08,147.924011230469,117.832374572754
01/01/2014 00:06:09,147.836853027344,118.015335083008
01/01/2014 00:06:10,147.673202514648,118.228790283203
01/01/2014 00:06:11,147.444946289063,118.393737792969
01/01/2014 00:06:12,147.324798583984,118.506385803223
01/01/2014 00:06:13,147.254989624023,118.531135559082
01/01/2014 00:06:14,147.117248535156,118.699859619141
01/01/2014 00:06:15,146.838256835938,119.022750854492
01/01/2014 00:06:16,146.600982666016,119.218467712402
01/01/2014 00:06:17,146.520751953125,119.24658203125
01/01/2014 00:06:18,146.487396240234,119.189361572266
01/01/2014 00:06:19,146.298324584961,119.325500488281
01/01/2014 00:06:20,146.027130126953,119.59041595459
01/01/2014 00:06:21,145.752426147461,119.816802978516
01/01/2014 00:06:22,145.573440551758,119.893867492676
01/01/2014 00:06:23,145.474380493164,119.929100036621
01/01/2014 00:06:24,145.466552734375,119.926391601563
01/01/2014 00:06:25,145.371002197266,120.039459228516
01/01/2014 00:06:26,145.23095703125,120.133346557617
01/01/2014 00:06:27,145.155242919922,120.228866577148
01/01/2014 00:06:28,145.150573730469,120.26872253418
01/01/2014 00:06:29,145.177810668945,120.197364807129
01/01/2014 00:06:30,145.202072143555,120.057594299316
01/01/2014 00:06:31,145.210800170898,119.972183227539
01/01/2014 00:06:32,145.143142700195,119.894577026367
01/01/2014 00:06:33,145.084045410156,119.865936279297
01/01/2014 00:06:34,145.06330871582,119.87427520752
01/01/2014 00:06:35,144.940795898438,119.957740783691
01/01/2014 00:06:36,144.654159545898,120.022804260254
01/01/2014 00:06:37,144.469253540039,120.041946411133
01/01/2014 00:06:38,144.435104370117,120.030960083008
01/01/2014 00:06:39,144.288345336914,120.078964233398
01/01/2014 00:06:40,144.052185058594,120.122856140137
01/01/2014 00:06:41,143.853759765625,120.139183044434
01/01/2014 00:06:42,143.722961425781,120.134567260742
01/01/2014 00:06:43,143.437545776367,120.188957214355
01/01/2014 00:06:44,143.257034301758,120.170600891113
01/01/2014 00:06:45,143.1611328125,120.133232116699
01/01/2014 00:06:46,143.091644287109,120.110092163086
01/01/2014 00:06:47,142.879333496094,120.1064453125
01/01/2014 00:06:48,142.603912353516,120.112945556641
01/01/2014 00:06:49,142.205535888672,120.119766235352
01/01/2014 00:06:50,141.991653442383,120.122703552246
01/01/2014 00:06:51,141.979598999023,120.057441711426
01/01/2014 00:06:52,141.992584228516,120.002685546875
01/01/2014 00:06:53,141.813568115234,120.049407958984
01/01/2014 00:06:54,141.531600952148,120.110206604004
01/01/2014 00:06:55,141.308822631836,120.140922546387
01/01/2014 00:06:56,141.306594848633,120.141189575195
01/01/2014 00:06:57,141.461013793945,120.063926696777
01/01/2014 00:06:58,141.653518676758,120.000427246094
01/01/2014 00:06:59,141.748107910156,119.915153503418
01/01/2014 00:07:00,141.74674987793,119.871231079102
01/01/2014 00:07:01,141.771697998047,119.870178222656
01/01/2014 00:07:02,141.857604980469,119.887336730957
01/01/2014 00:07:03,141.982727050781,119.96671295166
01/01/2014 00:07:04,142.179885864258,120.024810791016
01/01/2014 00:07:05,142.290328979492,120.039909362793
01/01/2014 00:07:06,142.23518371582,120.093338012695
01/01/2014 00:07:07,142.07975769043,120.195854187012
01/01/2014 00:07:08,141.90998840332,120.32292175293
01/01/2014 00:07:09,141.704696655273,120.385124206543
01/01/2014 00:07:10,141.41130065918,120.38402557373
01/01/2014 00:07:11,141.254776000977,120.292739868164
01/01/2014 00:07:12,141.181854248047,120.218292236328
01/01/2014 00:07:13,140.991607666016,120.259521484375
01/01/2014 00:07:14,140.735687255859,120.323905944824
01/01/2014 00:07:15,140.409133911133,120.359809875488
01/01/2014 00:07:16,140.116439819336,120.362854003906
01/01/2014 00:07:17,140.01025390625,120.285751342773
01/01/2014 00:07:18,139.97834777832,120.221244812012
01/01/2014 00:07:19,139.671340942383,120.26481628418
01/01/2014 00:07:20,139.367691040039,120.327033996582
01/01/2014 00:07:21,139.114730834961,120.295333862305
01/01/2014 00:07:22,138.902008056641,120.308670043945
01/01/2014 00:07:23,138.766372680664,120.332618713379
01/01/2014 00:07:24,138.677490234375,120.346794128418
01/01/2014 00:07:25,138.465576171875,120.348602294922
01/01/2014 00:07:26,138.198425292969,120.344268798828
01/01/2014 00:07:27,137.871551513672,120.339973449707
01/01/2014 00:07:28,137.648071289063,120.27335357666
01/01/2014 00:07:29,137.598815917969,120.22045135498
01/01/2014 00:07:30,137.585205078125,120.204383850098
01/01/2014 00:07:31,137.399627685547,120.277770996094
01/01/2014 00:07:32,137.188064575195,120.409446716309
01/01/2014 00:07:33,136.896011352539,120.48738861084
01/01/2014 00:07:34,136.613418579102,120.49730682373
01/01/2014 00:07:35,136.501358032227,120.473480224609
01/01/2014 00:07:36,136.460494995117,120.449859619141
01/01/2014 00:07:37,136.343170166016,120.50511932373
01/01/2014 00:07:38,136.198806762695,120.560157775879
01/01/2014 00:07:39,135.998748779297,120.647514343262
01/01/2014 00:07:40,135.699203491211,120.696617126465
01/01/2014 00:07:41,135.470626831055,120.701057434082
01/01/2014 00:07:42,135.341094970703,120.749443054199
01/01/2014 00:07:43,135.263717651367,120.787307739258
01/01/2014 00:07:44,135.123626708984,120.928283691406
01/01/2014 00:07:45,134.975555419922,121.028411865234
01/01/2014 00:07:46,134.716903686523,121.182479858398
01/01/2014 00:07:47,134.435699462891,121.26781463623
01/01/2014 00:07:48,134.246200561523,121.339492797852
01/01/2014 00:07:49,134.206085205078,121.363304138184
01/01/2014 00:07:50,134.056289672852,121.548049926758
01/01/2014 00:07:51,133.884979248047,121.754737854004
01/01/2014 00:07:52,133.740982055664,121.91340637207
01/01/2014 00:07:53,133.563385009766,122.023666381836
01/01/2014 00:07:54,133.411865234375,122.049049377441
01/01/2014 00:07:55,133.360397338867,122.089508056641
01/01/2014 00:07:56,133.250579833984,122.177169799805
01/01/2014 00:07:57,132.98698425293,122.362236022949
01/01/2014 00:07:58,132.621124267578,122.607872009277
01/01/2014 00:07:59,132.364212036133,122.733489990234
01/01/2014 00:08:00,132.303512573242,122.735786437988
01/01/2014 00:08:01,132.294235229492,122.686134338379
01/01/2014 00:08:02,132.246643066406,122.709327697754
01/01/2014 00:08:03,132.081665039063,122.878471374512
01/01/2014 00:08:04,131.771194458008,123.137489318848
01/01/2014 00:08:05,131.454406738281,123.280609130859
01/01/2014 00:08:06,131.256973266602,123.291786193848
01/01/2014 00:08:07,131.160064697266,123.307113647461
01/01/2014 00:08:08,131.0966796875,123.379974365234
01/01/2014 00:08:09,130.954681396484,123.498344421387
01/01/2014 00:08:10,130.734436035156,123.695320129395
01/01/2014 00:08:11,130.417358398438,123.873245239258
01/01/2014 00:08:12,130.182678222656,123.938430786133
01/01/2014 00:08:13,130.120208740234,123.983787536621
01/01/2014 00:08:14,130.03547668457,123.994262695313
01/01/2014 00:08:15,129.861846923828,124.113998413086
01/01/2014 00:08:16,129.494644165039,124.402557373047
01/01/2014 00:08:17,129.199722290039,124.655075073242
01/01/2014 00:08:18,129.108383178711,124.808753967285
01/01/2014 00:08:19,129.024688720703,124.831253051758
01/01/2014 00:08:20,128.863739013672,124.851539611816
01/01/2014 00:08:21,128.701141357422,124.858955383301
01/01/2014 00:08:22,128.439147949219,124.921585083008
01/01/2014 00:08:23,128.1611328125,125.034812927246
01/01/2014 00:08:24,128.040512084961,125.102012634277
01/01/2014 00:08:25,127.990730285645,125.110702514648
01/01/2014 00:08:26,127.804740905762,125.220008850098
01/01/2014 00:08:27,127.542823791504,125.371002197266
01/01/2014 00:08:28,127.274475097656,125.514923095703
01/01/2014 00:08:29,127.031997680664,125.571060180664
01/01/2014 00:08:30,126.943145751953,125.558082580566
01/01/2014 00:08:31,126.904838562012,125.58927154541
01/01/2014 00:08:32,126.715240478516,125.685066223145
01/01/2014 00:08:33,126.38077545166,125.88060760498
01/01/2014 00:08:34,126.054382324219,125.936882019043
01/01/2014 00:08:35,125.858924865723,125.967704772949
01/01/2014 00:08:36,125.702705383301,126.034782409668
01/01/2014 00:08:37,125.460090637207,126.206916809082
01/01/2014 00:08:38,125.130508422852,126.320640563965
01/01/2014 00:08:39,124.829864501953,126.408195495605
01/01/2014 00:08:40,124.718399047852,126.433387756348
01/01/2014 00:08:41,124.685409545898,126.483009338379
01/01/2014 00:08:42,124.509452819824,126.643127441406
01/01/2014 00:08:43,124.119125366211,126.883903503418
01/01/2014 00:08:44,123.806175231934,127.015762329102
01/01/2014 00:08:45,123.644660949707,127.025177001953
01/01/2014 00:08:46,123.510780334473,127.043678283691
01/01/2014 00:08:47,123.272567749023,127.184745788574
01/01/2014 00:08:48,122.937431335449,127.357765197754
01/01/2014 00:08:49,122.695297241211,127.441864013672
01/01/2014 00:08:50,122.634124755859,127.439880371094
01/01/2014 00:08:51,122.553520202637,127.533493041992
01/01/2014 00:08:52,122.38272857666,127.740867614746
01/01/2014 00:08:53,121.951309204102,128.002349853516
01/01/2014 00:08:54,121.602516174316,128.196701049805
01/01/2014 00:08:55,121.42845916748,128.248886108398
01/01/2014 00:08:56,121.36385345459,128.27685546875
01/01/2014 00:08:57,121.252517700195,128.408126831055
01/01/2014 00:08:58,120.993041992188,128.634124755859
01/01/2014 00:08:59,120.631210327148,128.830551147461
01/01/2014 00:09:00,120.375900268555,128.963897705078
01/01/2014 00:09:01,120.249984741211,128.992706298828
01/01/2014 00:09:02,120.186546325684,129.026519775391
01/01/2014 00:09:03,120.121276855469,129.107315063477
01/01/2014 00:09:04,119.899124145508,129.289489746094
01/01/2014 00:09:05,119.48413848877,129.535552978516
01/01/2014 00:09:06,119.234786987305,129.597839355469
01/01/2014 00:09:07,119.135566711426,129.548004150391
01/01/2014 00:09:08,119.156448364258,129.481552124023
01/01/2014 00:09:09,118.954803466797,129.642105102539
01/01/2014 00:09:10,118.521286010742,129.93083190918
01/01/2014 00:09:11,118.183448791504,130.101867675781
01/01/2014 00:09:12,118.019226074219,130.188629150391
01/01/2014 00:09:13,117.958206176758,130.189636230469
01/01/2014 00:09:14,117.845771789551,130.219757080078
01/01/2014 00:09:15,117.648803710938,130.308929443359
01/01/2014 00:09:16,117.33869934082,130.499481201172
01/01/2014 00:09:17,117.03532409668,130.619232177734
01/01/2014 00:09:18,116.848747253418,130.704208374023
01/01/2014 00:09:19,116.755256652832,130.724792480469
01/01/2014 00:09:20,116.690208435059,130.771697998047
01/01/2014 00:09:21,116.545448303223,130.93147277832
01/01/2014 00:09:22,116.193870544434,131.173080444336
01/01/2014 00:09:23,115.83504486084,131.305770874023
01/01/2014 00:09:24,115.619987487793,131.380386352539
01/01/2014 00:09:25,115.525871276855,131.387176513672
01/01/2014 00:09:26,115.47200012207,131.427017211914
01/01/2014 00:09:27,115.336669921875,131.586654663086
01/01/2014 00:09:28,115.053108215332,131.8310546875
01/01/2014 00:09:29,114.746223449707,131.966079711914
01/01/2014 00:09:30,114.61075592041,132.041473388672
01/01/2014 00:09:31,114.495758056641,132.047943115234
01/01/2014 00:09:32,114.456977844238,132.087203979492
01/01/2014 00:09:33,114.407470703125,132.181625366211
01/01/2014 00:09:34,114.317878723145,132.307861328125
01/01/2014 00:09:35,114.005187988281,132.567321777344
01/01/2014 00:09:36,113.720512390137,132.793304443359
01/01/2014 00:09:37,113.550346374512,132.872268676758
01/01/2014 00:09:38,113.46263885498,132.909225463867
01/01/2014 00:09:39,113.460487365723,132.972015380859
01/01/2014 00:09:40,113.364952087402,133.203002929688
01/01/2014 00:09:41,113.222587585449,133.366760253906
01/01/2014 00:09:42,113.080085754395,133.536117553711
01/01/2014 00:09:43,112.891830444336,133.607879638672
01/01/2014 00:09:44,112.73095703125,133.662155151367
01/01/2014 00:09:45,112.611312866211,133.742126464844
01/01/2014 00:09:46,112.579147338867,133.78547668457
01/01/2014 00:09:47,112.601844787598,133.853103637695
01/01/2014 00:09:48,112.50390625,134.085433959961
01/01/2014 00:09:49,112.34937286377,134.313186645508
01/01/2014 00:09:50,112.262756347656,134.534484863281
01/01/2014 00:09:51,112.190208435059,134.752380371094
01/01/2014 00:09:52,112.166221618652,134.905227661133
01/01/2014 00:09:53,112.176300048828,134.941268920898
01/01/2014 00:09:54,112.064666748047,135.037872314453
01/01/2014 00:09:55,111.83918762207,135.167221069336
01/01/2014 00:09:56,111.764862060547,135.168853759766
01/01/2014 00:09:57,111.731498718262,135.181991577148
01/01/2014 00:09:58,111.799491882324,135.062362670898
01/01/2014 00:09:59,111.804100036621,135.023681640625
01/01/2014 00:10:00,111.779975891113,135.041030883789
01/01/2014 00:10:01,111.75830078125,135.071136474609
01/01/2014 00:10:02,111.750411987305,135.153579711914
01/01/2014 00:10:03,111.81770324707,135.144012451172
01/01/2014 00:10:04,112.005897521973,134.972595214844
01/01/2014 00:10:05,112.132705688477,134.77099609375
01/01/2014 00:10:06,112.159538269043,134.611038208008
01/01/2014 00:10:07,112.064666748047,134.497619628906
01/01/2014 00:10:08,111.910942077637,134.470184326172
01/01/2014 00:10:09,111.693984985352,134.429336547852
01/01/2014 00:10:10,111.579040527344,134.407073974609
01/01/2014 00:10:11,111.57373046875,134.405563354492
01/01/2014 00:10:12,111.616539001465,134.413452148438
01/01/2014 00:10:13,111.783576965332,134.420562744141
01/01/2014 00:10:14,111.967948913574,134.358261108398
01/01/2014 00:10:15,112.180435180664,134.304244995117
01/01/2014 00:10:16,112.279151916504,134.220611572266
01/01/2014 00:10:17,112.20809173584,134.174133300781
01/01/2014 00:10:18,112.044425964355,134.235198974609
01/01/2014 00:10:19,111.874412536621,134.30436706543
01/01/2014 00:10:20,111.737190246582,134.400939941406
01/01/2014 00:10:21,111.62947845459,134.516662597656
01/01/2014 00:10:22,111.532516479492,134.63688659668
01/01/2014 00:10:23,111.49715423584,134.688034057617
01/01/2014 00:10:24,111.637657165527,134.55094909668
01/01/2014 00:10:25,111.897201538086,134.352600097656
01/01/2014 00:10:26,112.052505493164,134.116363525391
01/01/2014 00:10:27,112.008583068848,133.939025878906
01/01/2014 00:10:28,111.843963623047,133.890441894531
01/01/2014 00:10:29,111.726913452148,133.923324584961
01/01/2014 00:10:30,111.633529663086,133.905364990234
01/01/2014 00:10:31,111.540061950684,133.812271118164
01/01/2014 00:10:32,111.436805725098,133.743255615234
01/01/2014 00:10:33,111.520179748535,133.789688110352
01/01/2014 00:10:34,111.760688781738,133.920974731445
01/01/2014 00:10:35,111.988700866699,134.009643554688
01/01/2014 00:10:36,112.141983032227,134.093414306641
01/01/2014 00:10:37,112.239082336426,134.060897827148
01/01/2014 00:10:38,112.126121520996,134.064712524414
01/01/2014 00:10:39,111.993606567383,134.081192016602
01/01/2014 00:10:40,111.931213378906,134.158020019531
01/01/2014 00:10:41,111.804649353027,134.344039916992
01/01/2014 00:10:42,111.596641540527,134.465148925781
01/01/2014 00:10:43,111.477905273438,134.488204956055
01/01/2014 00:10:44,111.400939941406,134.457443237305
01/01/2014 00:10:45,111.321632385254,134.422744750977
01/01/2014 00:10:46,111.288131713867,134.406890869141
01/01/2014 00:10:47,111.358055114746,134.408111572266
01/01/2014 00:10:48,111.62378692627,134.415634155273
01/01/2014 00:10:49,112.007759094238,134.356414794922
01/01/2014 00:10:50,112.21378326416,134.36962890625
01/01/2014 00:10:51,112.225303649902,134.404754638672
01/01/2014 00:10:52,112.020484924316,134.298416137695
01/01/2014 00:10:53,111.782836914063,134.196746826172
01/01/2014 00:10:54,111.671875,134.092086791992
01/01/2014 00:10:55,111.61344909668,134.047912597656
01/01/2014 00:10:56,111.546165466309,133.98974609375
01/01/2014 00:10:57,111.450050354004,133.96012878418
01/01/2014 00:10:58,111.333923339844,133.959701538086
01/01/2014 00:10:59,111.27806854248,133.906616210938
01/01/2014 00:11:00,111.344757080078,133.863250732422
01/01/2014 00:11:01,111.227767944336,133.719696044922
01/01/2014 00:11:02,111.03955078125,133.619689941406
01/01/2014 00:11:03,110.868240356445,133.596542358398
01/01/2014 00:11:04,110.804893493652,133.618576049805
01/01/2014 00:11:05,110.62858581543,133.581268310547
01/01/2014 00:11:06,110.380165100098,133.476760864258
01/01/2014 00:11:07,110.248664855957,133.406311035156
01/01/2014 00:11:08,110.177810668945,133.391372680664
01/01/2014 00:11:09,110.303375244141,133.40803527832
01/01/2014 00:11:10,110.43546295166,133.427825927734
01/01/2014 00:11:11,110.557197570801,133.372344970703
01/01/2014 00:11:12,110.473152160645,133.188980102539
01/01/2014 00:11:13,110.289375305176,132.996398925781
01/01/2014 00:11:14,110.173065185547,132.783874511719
01/01/2014 00:11:15,110.088157653809,132.55876159668
01/01/2014 00:11:16,110.001335144043,132.396362304688
01/01/2014 00:11:17,109.96492767334,132.355484008789
01/01/2014 00:11:18,109.970672607422,132.388549804688
01/01/2014 00:11:19,110.055198669434,132.432464599609
01/01/2014 00:11:20,110.122192382813,132.454925537109
01/01/2014 00:11:21,110.207359313965,132.520202636719
01/01/2014 00:11:22,110.314628601074,132.564559936523
01/01/2014 00:11:23,110.432571411133,132.574172973633
01/01/2014 00:11:24,110.420463562012,132.563858032227
01/01/2014 00:11:25,110.427017211914,132.681198120117
01/01/2014 00:11:26,110.437362670898,132.91145324707
01/01/2014 00:11:27,110.378288269043,133.05224609375
01/01/2014 00:11:28,110.260704040527,133.073287963867
01/01/2014 00:11:29,110.058715820313,133.032806396484
01/01/2014 00:11:30,109.941223144531,132.990951538086
01/01/2014 00:11:31,109.927688598633,132.908340454102
01/01/2014 00:11:32,109.899909973145,132.85774230957
01/01/2014 00:11:33,109.817794799805,132.785232543945
01/01/2014 00:11:34,109.69694519043,132.681625366211
01/01/2014 00:11:35,109.566604614258,132.626373291016
01/01/2014 00:11:36,109.509239196777,132.62353515625
01/01/2014 00:11:37,109.645385742188,132.708755493164
01/01/2014 00:11:38,109.845504760742,132.909576416016
01/01/2014 00:11:39,110.018714904785,133.104263305664
01/01/2014 00:11:40,110.27335357666,133.246490478516
01/01/2014 00:11:41,110.476097106934,133.283325195313
01/01/2014 00:11:42,110.537986755371,133.320053100586
01/01/2014 00:11:43,110.570457458496,133.335098266602
01/01/2014 00:11:44,110.571716308594,133.202621459961
01/01/2014 00:11:45,110.559425354004,133.022872924805
01/01/2014 00:11:46,110.548820495605,132.864883422852
01/01/2014 00:11:47,110.545166015625,132.744110107422
01/01/2014 00:11:48,110.481643676758,132.644958496094
01/01/2014 00:11:49,110.431022644043,132.548278808594
01/01/2014 00:11:50,110.415550231934,132.509628295898
01/01/2014 00:11:51,110.488494873047,132.712203979492
01/01/2014 00:11:52,110.554695129395,133.024017333984
01/01/2014 00:11:53,110.579086303711,133.391357421875
01/01/2014 00:11:54,110.571937561035,133.629730224609
01/01/2014 00:11:55,110.55606842041,133.609725952148
01/01/2014 00:11:56,110.675727844238,133.430648803711
01/01/2014 00:11:57,110.845283508301,133.291931152344
01/01/2014 00:11:58,110.935317993164,133.251571655273
01/01/2014 00:11:59,110.939628601074,133.275375366211
01/01/2014 00:12:00,110.906234741211,133.311462402344
01/01/2014 00:12:01,110.941932678223,133.331298828125
01/01/2014 00:12:02,110.984924316406,133.332778930664
01/01/2014 00:12:03,111.070426940918,133.32585144043
01/01/2014 00:12:04,111.122947692871,133.319549560547
01/01/2014 00:12:05,111.130958557129,133.317230224609
01/01/2014 00:12:06,111.115989685059,133.317916870117
01/01/2014 00:12:07,111.10041809082,133.319427490234
01/01/2014 00:12:08,111.093780517578,133.320388793945
01/01/2014 00:12:09,111.159599304199,133.320556640625
01/01/2014 00:12:10,111.216323852539,133.385162353516
01/01/2014 00:12:11,111.235862731934,133.438110351563
01/01/2014 00:12:12,111.228630065918,133.519927978516
01/01/2014 00:12:13,111.21467590332,133.565322875977
01/01/2014 00:12:14,111.206192016602,133.504135131836
01/01/2014 00:12:15,111.204956054688,133.500183105469
01/01/2014 00:12:16,111.272300720215,133.5869140625
01/01/2014 00:12:17,111.392929077148,133.789443969727
01/01/2014 00:12:18,111.399406433105,133.984909057617
01/01/2014 00:12:19,111.420104980469,134.062210083008
01/01/2014 00:12:20,111.434432983398,134.175170898438
01/01/2014 00:12:21,111.437698364258,134.301040649414
01/01/2014 00:12:22,111.434494018555,134.422836303711
01/01/2014 00:12:23,111.430534362793,134.600875854492
01/01/2014 00:12:24,111.363716125488,134.696990966797
01/01/2014 00:12:25,111.310523986816,134.897430419922
01/01/2014 00:12:26,111.229415893555,135.087326049805
01/01/2014 00:12:27,111.184692382813,135.160919189453
01/01/2014 00:12:28,111.246139526367,135.14338684082
01/01/2014 00:12:29,111.314910888672,135.033935546875
01/01/2014 00:12:30,111.28125,134.951324462891
01/01/2014 00:12:31,111.22541809082,134.99333190918
01/01/2014 00:12:32,111.128547668457,135.321166992188
01/01/2014 00:12:33,111.007095336914,135.57292175293
01/01/2014 00:12:34,110.817443847656,135.77473449707
01/01/2014 00:12:35,110.581909179688,135.901916503906
01/01/2014 00:12:36,110.401596069336,136.05322265625
01/01/2014 00:12:37,110.28539276123,136.190063476563
01/01/2014 00:12:38,110.264030456543,136.240264892578
01/01/2014 00:12:39,110.164428710938,136.290191650391
01/01/2014 00:12:40,110.026596069336,136.440307617188
01/01/2014 00:12:41,109.824615478516,136.607864379883
01/01/2014 00:12:42,109.52082824707,136.943252563477
01/01/2014 00:12:43,109.28955078125,137.019958496094
01/01/2014 00:12:44,109.094680786133,137.010162353516
01/01/2014 00:12:45,108.899917602539,137.10041809082
01/01/2014 00:12:46,108.755195617676,137.178482055664
01/01/2014 00:12:47,108.586601257324,137.335250854492
01/01/2014 00:12:48,108.377899169922,137.496734619141
01/01/2014 00:12:49,108.275825500488,137.500030517578
01/01/2014 00:12:50,108.14794921875,137.501373291016
01/01/2014 00:12:51,107.955154418945,137.565979003906
01/01/2014 00:12:52,107.719688415527,137.683319091797
01/01/2014 00:12:53,107.410957336426,137.882843017578
01/01/2014 00:12:54,107.189376831055,137.933532714844
01/01/2014 00:12:55,107.069358825684,137.893264770508
01/01/2014 00:12:56,106.99690246582,137.904312133789
01/01/2014 00:12:57,106.856956481934,138.059631347656
01/01/2014 00:12:58,106.642105102539,138.247421264648
01/01/2014 00:12:59,106.32861328125,138.402648925781
01/01/2014 00:13:00,106.159538269043,138.452972412109
01/01/2014 00:13:01,106.084548950195,138.365707397461
01/01/2014 00:13:02,106.02751159668,138.338333129883
01/01/2014 00:13:03,105.881729125977,138.416549682617
01/01/2014 00:13:04,105.655769348145,138.621704101563
01/01/2014 00:13:05,105.335563659668,138.822814941406
01/01/2014 00:13:06,105.035789489746,138.968536376953
01/01/2014 00:13:07,104.921188354492,138.940719604492
01/01/2014 00:13:08,104.885269165039,138.922988891602
01/01/2014 00:13:09,104.773063659668,138.984725952148
01/01/2014 00:13:10,104.630867004395,139.107528686523
01/01/2014 00:13:11,104.430480957031,139.247817993164
01/01/2014 00:13:12,104.129776000977,139.442306518555
01/01/2014 00:13:13,103.965263366699,139.479446411133
01/01/2014 00:13:14,103.888771057129,139.430145263672
01/01/2014 00:13:15,103.76375579834,139.569061279297
01/01/2014 00:13:16,103.627685546875,139.768142700195
01/01/2014 00:13:17,103.43758392334,139.939376831055
01/01/2014 00:13:18,103.14281463623,140.063064575195
01/01/2014 00:13:19,102.978942871094,140.094314575195
01/01/2014 00:13:20,102.900543212891,140.069198608398
01/01/2014 00:13:21,102.838569641113,140.100646972656
01/01/2014 00:13:22,102.690139770508,140.266510009766
01/01/2014 00:13:23,102.39916229248,140.519439697266
01/01/2014 00:13:24,102.09156036377,140.723785400391
01/01/2014 00:13:25,101.893676757813,140.787689208984
01/01/2014 00:13:26,101.85750579834,140.756301879883
01/01/2014 00:13:27,101.844139099121,140.769195556641
01/01/2014 00:13:28,101.71826171875,140.922393798828
01/01/2014 00:13:29,101.425849914551,141.172561645508
01/01/2014 00:13:30,101.107818603516,141.379837036133
01/01/2014 00:13:31,100.901969909668,141.382400512695
01/01/2014 00:13:32,100.798667907715,141.299468994141
01/01/2014 00:13:33,100.798355102539,141.360122680664
01/01/2014 00:13:34,100.645866394043,141.573654174805
01/01/2014 00:13:35,100.391120910645,141.918594360352
01/01/2014 00:13:36,100.114929199219,142.114013671875
01/01/2014 00:13:37,99.9279403686523,142.197708129883
01/01/2014 00:13:38,99.8229598999023,142.186218261719
01/01/2014 00:13:39,99.7486572265625,142.272201538086
01/01/2014 00:13:40,99.6010131835938,142.477203369141
01/01/2014 00:13:41,99.3157424926758,142.804748535156
01/01/2014 00:13:42,99.0773696899414,143.119155883789
01/01/2014 00:13:43,98.933952331543,143.242736816406
01/01/2014 00:13:44,98.9140625,143.280029296875
01/01/2014 00:13:45,98.8268432617188,143.454544067383
01/01/2014 00:13:46,98.6985626220703,143.647308349609
01/01/2014 00:13:47,98.4993438720703,143.928497314453
01/01/2014 00:13:48,98.3236389160156,144.144989013672
01/01/2014 00:13:49,98.3260803222656,144.337020874023
01/01/2014 00:14:22,96.4089508056641,145.909133911133
01/01/2014 00:14:23,96.29052734375,145.701477050781
01/01/2014 00:14:24,96.15380859375,145.389083862305
01/01/2014 00:14:25,96.0245819091797,145.212066650391
01/01/2014 00:14:26,96.0389556884766,145.196441650391
01/01/2014 00:14:27,96.1044006347656,145.321746826172
01/01/2014 00:14:28,96.0873718261719,145.495971679688
01/01/2014 00:14:29,95.9816741943359,145.587509155273
01/01/2014 00:14:30,95.8370666503906,145.656021118164
01/01/2014 00:14:31,95.7617797851563,145.674682617188
01/01/2014 00:14:32,95.6944580078125,145.726760864258
01/01/2014 00:14:33,95.734977722168,145.696960449219
01/01/2014 00:14:34,95.8607177734375,145.651138305664
01/01/2014 00:14:35,96.1418838500977,145.496032714844
01/01/2014 00:14:36,96.3858642578125,145.2578125
01/01/2014 00:14:37,96.3409576416016,145.255737304688
01/01/2014 00:14:38,96.1391448974609,145.481506347656
01/01/2014 00:14:39,95.9919815063477,145.667602539063
01/01/2014 00:14:40,95.88916015625,145.792541503906
01/01/2014 00:14:41,95.6705474853516,145.883575439453
01/01/2014 00:14:42,95.338737487793,145.971893310547
01/01/2014 00:14:43,95.1561813354492,145.942138671875
01/01/2014 00:14:44,95.0127716064453,145.946365356445
01/01/2014 00:14:45,94.9051208496094,146.026901245117
01/01/2014 00:14:46,94.7458877563477,146.156143188477
01/01/2014 00:14:47,94.5296478271484,146.293991088867
01/01/2014 00:14:48,94.2229385375977,146.418960571289
01/01/2014 00:14:49,94.0599899291992,146.464950561523
01/01/2014 00:14:50,93.8575057983398,146.451400756836
01/01/2014 00:14:51,93.5635986328125,146.486297607422
01/01/2014 00:14:52,93.2757720947266,146.455627441406
01/01/2014 00:14:53,93.0304412841797,146.481002807617
01/01/2014 00:14:54,92.9472274780273,146.44953918457
01/01/2014 00:14:55,92.7849807739258,146.348434448242
01/01/2014 00:14:56,92.4913711547852,146.278396606445
01/01/2014 00:14:57,92.1224136352539,146.197525024414
01/01/2014 00:14:58,91.8752670288086,146.159912109375
01/01/2014 00:14:59,91.823844909668,146.032485961914
01/01/2014 00:15:00,91.6884307861328,145.943359375
01/01/2014 00:15:01,91.5335464477539,145.857635498047
01/01/2014 00:15:02,91.5268859863281,145.888732910156
01/01/2014 00:15:03,91.5849685668945,145.884552001953
01/01/2014 00:15:04,91.5704803466797,145.803482055664
01/01/2014 00:15:05,91.3401489257813,145.608932495117
01/01/2014 00:15:06,91.1571044921875,145.482574462891
01/01/2014 00:15:07,91.1014099121094,145.328964233398
01/01/2014 00:15:08,90.9361877441406,145.125015258789
01/01/2014 00:15:09,90.7586059570313,144.89094543457
01/01/2014 00:15:10,90.5509262084961,144.65283203125
01/01/2014 00:15:11,90.4533920288086,144.553466796875
01/01/2014 00:15:12,90.3288116455078,144.439895629883
01/01/2014 00:15:13,90.2017364501953,144.32258605957
01/01/2014 00:15:14,90.0837097167969,144.143188476563
01/01/2014 00:15:15,90.0390014648438,144.044128417969
01/01/2014 00:15:16,90.1804809570313,144.101303100586
01/01/2014 00:15:17,90.4446563720703,144.188873291016
01/01/2014 00:15:18,90.7331085205078,144.237258911133
01/01/2014 00:15:19,90.9262771606445,144.176162719727
01/01/2014 00:15:20,90.966438293457,144.041305541992
01/01/2014 00:15:21,90.9201431274414,143.825973510742
01/01/2014 00:15:22,90.8656768798828,143.704635620117
01/01/2014 00:15:23,90.9048614501953,143.693405151367
01/01/2014 00:15:24,91.0242233276367,143.539352416992
01/01/2014 00:15:25,91.1709594726563,143.222946166992
01/01/2014 00:15:26,91.307258605957,142.831909179688
01/01/2014 00:15:27,91.3588943481445,142.640884399414
01/01/2014 00:15:28,91.4102172851563,142.709426879883
01/01/2014 00:15:29,91.4960174560547,142.584548950195
01/01/2014 00:15:30,91.6102294921875,142.259353637695
01/01/2014 00:15:31,91.7336196899414,141.914016723633
01/01/2014 00:15:32,91.8528747558594,141.828948974609
01/01/2014 00:15:33,91.964973449707,141.835952758789
01/01/2014 00:15:34,92.0729064941406,141.617111206055
01/01/2014 00:15:35,92.2452163696289,141.240051269531
01/01/2014 00:15:36,92.4071884155273,140.955596923828
01/01/2014 00:15:37,92.5342712402344,140.876876831055
01/01/2014 00:15:38,92.636962890625,140.669494628906
01/01/2014 00:15:39,92.7339630126953,140.466766357422
01/01/2014 00:15:40,92.9011611938477,140.126007080078
01/01/2014 00:15:41,93.0634307861328,139.929595947266
01/01/2014 00:15:42,93.1928482055664,139.908233642578
01/01/2014 00:15:43,93.3622131347656,139.711791992188
01/01/2014 00:15:44,93.5129547119141,139.429626464844
01/01/2014 00:15:45,93.6968994140625,139.084091186523
01/01/2014 00:15:46,93.7859878540039,138.851455688477
01/01/2014 00:15:47,93.7187423706055,138.802337646484
01/01/2014 00:15:48,93.821647644043,138.597991943359
01/01/2014 00:15:49,94.0634078979492,138.320724487305
01/01/2014 00:15:50,94.284423828125,137.982437133789
01/01/2014 00:15:51,94.3017196655273,137.818634033203
01/01/2014 00:15:52,94.2901077270508,137.75813293457
01/01/2014 00:15:53,94.3383560180664,137.581085205078
01/01/2014 00:15:54,94.5124588012695,137.33088684082
01/01/2014 00:15:55,94.7003860473633,137.003616333008
01/01/2014 00:15:56,94.7831497192383,136.837738037109
01/01/2014 00:15:57,94.8388366699219,136.771026611328
01/01/2014 00:15:58,94.9803161621094,136.589706420898
01/01/2014 00:15:59,95.2033081054688,136.338577270508
01/01/2014 00:16:00,95.3930892944336,136.142028808594
01/01/2014 00:16:01,95.392463684082,136.083786010742
01/01/2014 00:16:02,95.314079284668,136.181503295898
01/01/2014 00:16:03,95.2500305175781,136.285583496094
01/01/2014 00:16:04,95.1647644042969,136.266006469727
01/01/2014 00:16:05,95.1859436035156,136.077514648438
01/01/2014 00:16:06,95.2383117675781,135.736251831055
01/01/2014 00:16:07,95.2725830078125,135.403854370117
01/01/2014 00:16:08,95.4089660644531,135.206237792969
01/01/2014 00:16:09,95.5716857910156,135.115585327148
01/01/2014 00:16:10,95.5843658447266,134.927673339844
01/01/2014 00:16:11,95.5280151367188,134.745788574219
01/01/2014 00:16:12,95.4765853881836,134.543914794922
01/01/2014 00:16:13,95.5223693847656,134.258270263672
01/01/2014 00:16:14,95.6459121704102,134.106719970703
01/01/2014 00:16:15,95.7933654785156,134.034683227539
01/01/2014 00:16:16,95.7987976074219,133.843139648438
01/01/2014 00:16:17,95.7427597045898,133.520904541016
01/01/2014 00:16:18,95.7594223022461,133.205352783203
01/01/2014 00:16:19,95.8609619140625,133.013763427734
01/01/2014 00:16:20,96.002311706543,132.921157836914
01/01/2014 00:16:21,96.0117568969727,132.794021606445
01/01/2014 00:16:22,95.9615173339844,132.533081054688
01/01/2014 00:16:23,95.9164199829102,132.11164855957
01/01/2014 00:16:24,95.9649047851563,131.7431640625
01/01/2014 00:16:25,96.0231857299805,131.548843383789
01/01/2014 00:16:26,96.0511169433594,131.475708007813
01/01/2014 00:16:27,95.9852447509766,131.235916137695
01/01/2014 00:16:28,95.9197463989258,130.874572753906
01/01/2014 00:16:29,95.8930206298828,130.54670715332
01/01/2014 00:16:30,95.9628448486328,130.361068725586
01/01/2014 00:16:31,95.9662170410156,130.278381347656
01/01/2014 00:16:32,95.8754730224609,130.027206420898
01/01/2014 00:16:33,95.7996292114258,129.725296020508
01/01/2014 00:16:34,95.7746353149414,129.386001586914
01/01/2014 00:16:35,95.7852325439453,129.166595458984
01/01/2014 00:16:36,95.8041915893555,129.125778198242
01/01/2014 00:16:37,95.7505187988281,128.987670898438
01/01/2014 00:16:38,95.6338348388672,128.696487426758
01/01/2014 00:16:39,95.5601119995117,128.319610595703
01/01/2014 00:16:40,95.6123657226563,128.064971923828
01/01/2014 00:16:41,95.6854858398438,127.880905151367
01/01/2014 00:16:42,95.6591720581055,127.769477844238
01/01/2014 00:16:43,95.5427093505859,127.558937072754
01/01/2014 00:16:44,95.3930740356445,127.172416687012
01/01/2014 00:16:45,95.3829498291016,126.811904907227
01/01/2014 00:16:46,95.43603515625,126.674682617188
01/01/2014 00:16:47,95.4837417602539,126.645111083984
01/01/2014 00:16:48,95.3713607788086,126.547401428223
01/01/2014 00:16:49,95.2595825195313,126.284744262695
01/01/2014 00:16:50,95.1491012573242,125.979568481445
01/01/2014 00:16:51,95.1043090820313,125.642318725586
01/01/2014 00:16:52,95.1128768920898,125.490798950195
01/01/2014 00:16:53,95.0734176635742,125.439964294434
01/01/2014 00:16:54,94.9726486206055,125.330665588379
01/01/2014 00:16:55,94.8412857055664,125.196968078613
01/01/2014 00:16:56,94.7099685668945,124.937492370605
01/01/2014 00:16:57,94.6561126708984,124.584823608398
01/01/2014 00:16:58,94.7306747436523,124.401916503906
01/01/2014 00:16:59,94.7490692138672,124.331642150879
01/01/2014 00:17:00,94.6038284301758,124.154403686523
01/01/2014 00:17:01,94.3473663330078,123.843193054199
01/01/2014 00:17:02,94.1316528320313,123.401069641113
01/01/2014 00:17:03,94.0598754882813,123.101104736328
01/01/2014 00:17:04,94.0246047973633,122.971496582031
01/01/2014 00:17:05,93.8953628540039,122.858467102051
01/01/2014 00:17:06,93.7389221191406,122.754028320313
01/01/2014 00:17:07,93.5987091064453,122.520080566406
01/01/2014 00:17:08,93.5478439331055,122.241233825684
01/01/2014 00:17:09,93.5636367797852,122.043548583984
01/01/2014 00:17:10,93.532585144043,121.930862426758
01/01/2014 00:17:11,93.4357528686523,121.854637145996
01/01/2014 00:17:12,93.2393035888672,121.643707275391
01/01/2014 00:17:13,92.9880905151367,121.307289123535
01/01/2014 00:17:14,92.8625717163086,121.052925109863
01/01/2014 00:17:15,92.7977600097656,120.917358398438
01/01/2014 00:17:16,92.7960891723633,120.845611572266
01/01/2014 00:17:17,92.6266784667969,120.712608337402
01/01/2014 00:17:18,92.4234924316406,120.568046569824
01/01/2014 00:17:19,92.1965408325195,120.374244689941
01/01/2014 00:17:20,92.0936737060547,120.209671020508
01/01/2014 00:17:21,92.1023864746094,120.024398803711
01/01/2014 00:17:22,92.0868606567383,119.875022888184
01/01/2014 00:17:23,91.8110580444336,119.69873046875
01/01/2014 00:17:24,91.3965072631836,119.420738220215
01/01/2014 00:17:25,91.0397796630859,119.200103759766
01/01/2014 00:17:26,90.8522796630859,119.068244934082
01/01/2014 00:17:27,90.779914855957,118.985694885254
01/01/2014 00:17:28,90.5379638671875,118.777442932129
01/01/2014 00:17:29,90.1096420288086,118.510688781738
01/01/2014 00:17:30,89.9223403930664,118.312385559082
01/01/2014 00:17:31,89.8146362304688,118.194236755371
01/01/2014 00:17:32,89.6733551025391,118.04891204834
01/01/2014 00:17:33,89.4718780517578,117.848388671875
01/01/2014 00:17:34,89.2996520996094,117.613739013672
01/01/2014 00:17:35,89.2409973144531,117.503479003906
01/01/2014 00:17:36,89.2635269165039,117.444396972656
01/01/2014 00:17:37,89.2412033081055,117.311408996582
01/01/2014 00:17:38,89.0190200805664,117.031913757324
01/01/2014 00:17:39,88.7161407470703,116.662528991699
01/01/2014 00:17:40,88.5587768554688,116.474113464355
01/01/2014 00:17:41,88.4890441894531,116.406188964844
01/01/2014 00:17:42,88.431510925293,116.298004150391
01/01/2014 00:17:43,88.2831726074219,116.107360839844
01/01/2014 00:17:44,88.1201858520508,115.800704956055
01/01/2014 00:17:45,88.0473175048828,115.627304077148
01/01/2014 00:17:46,88.0543899536133,115.545959472656
01/01/2014 00:17:47,87.8954696655273,115.420616149902
01/01/2014 00:17:48,87.7621765136719,115.351135253906
01/01/2014 00:17:49,87.7180023193359,115.28067779541
01/01/2014 00:17:50,87.736442565918,115.251373291016
01/01/2014 00:17:51,87.7048263549805,115.191360473633
01/01/2014 00:17:52,87.5415649414063,114.959526062012
01/01/2014 00:17:53,87.485466003418,114.793922424316
01/01/2014 00:17:54,87.3766555786133,114.623413085938
01/01/2014 00:17:55,87.3104019165039,114.42170715332
01/01/2014 00:17:56,87.1709289550781,114.196403503418
01/01/2014 00:17:57,87.0836791992188,114.094306945801
01/01/2014 00:17:58,87.0693054199219,114.102958679199
01/01/2014 00:17:59,87.028434753418,114.087066650391
01/01/2014 00:18:00,87.0656661987305,114.070487976074
01/01/2014 00:18:01,87.1778564453125,113.998519897461
01/01/2014 00:18:02,87.3195114135742,113.816535949707
01/01/2014 00:18:03,87.4545745849609,113.566993713379
01/01/2014 00:18:04,87.5072860717773,113.372032165527
01/01/2014 00:18:05,87.4951248168945,113.379318237305
01/01/2014 00:18:06,87.4635238647461,113.465270996094
01/01/2014 00:18:07,87.4425811767578,113.662559509277
01/01/2014 00:18:08,87.3734970092773,113.789161682129
01/01/2014 00:18:09,87.2605209350586,113.812110900879
01/01/2014 00:18:10,87.1313018798828,113.778999328613
01/01/2014 00:18:11,87.0067520141602,113.742416381836
01/01/2014 00:18:12,86.8927001953125,113.661109924316
01/01/2014 00:18:13,86.7853393554688,113.609405517578
01/01/2014 00:18:14,86.6791763305664,113.535469055176
01/01/2014 00:18:15,86.5712356567383,113.431137084961
01/01/2014 00:18:16,86.4613494873047,113.310997009277
01/01/2014 00:18:17,86.2857284545898,113.190353393555
01/01/2014 00:18:18,85.9920959472656,113.075775146484
01/01/2014 00:18:19,85.7583389282227,112.96639251709
01/01/2014 00:18:20,85.68701171875,112.923645019531
01/01/2014 00:18:21,85.5946426391602,112.868576049805
01/01/2014 00:18:22,85.4183654785156,112.776054382324
01/01/2014 00:18:23,85.3765029907227,112.722732543945
01/01/2014 00:18:24,85.673957824707,112.781814575195
01/01/2014 00:18:25,86.0000686645508,112.852157592773
01/01/2014 00:18:26,86.2104797363281,112.820770263672
01/01/2014 00:18:27,86.2493362426758,112.636413574219
01/01/2014 00:18:28,86.1949005126953,112.498023986816
01/01/2014 00:18:29,86.1342926025391,112.589851379395
01/01/2014 00:18:30,86.1068954467773,112.981468200684
01/01/2014 00:18:31,86.1092834472656,113.200233459473
01/01/2014 00:18:32,86.1873550415039,113.089324951172
01/01/2014 00:18:33,86.2504272460938,112.778839111328
01/01/2014 00:18:34,86.2701568603516,112.439834594727
01/01/2014 00:18:35,86.2604598999023,112.224189758301
01/01/2014 00:18:36,86.1795425415039,112.121459960938
01/01/2014 00:18:37,86.0522537231445,111.995887756348
01/01/2014 00:18:38,85.9810104370117,111.999877929688
01/01/2014 00:18:39,85.9747772216797,111.79517364502
01/01/2014 00:18:40,86.0637664794922,111.495834350586
01/01/2014 00:18:41,86.1393356323242,111.334205627441
01/01/2014 00:18:42,86.1648330688477,111.259521484375
01/01/2014 00:18:43,86.1547470092773,111.459167480469
01/01/2014 00:18:44,86.0711441040039,111.848236083984
01/01/2014 00:18:45,86.0066833496094,112.150428771973
01/01/2014 00:18:46,85.8583450317383,112.173889160156
01/01/2014 00:18:47,85.7630844116211,112.06916809082
01/01/2014 00:18:48,85.6809005737305,111.973617553711
01/01/2014 00:18:49,85.5228042602539,111.873306274414
01/01/2014 00:18:50,85.2970581054688,111.700462341309
01/01/2014 00:18:51,85.241569519043,111.599792480469
01/01/2014 00:18:52,85.1589050292969,111.523231506348
01/01/2014 00:18:53,84.9192199707031,111.436836242676
01/01/2014 00:18:54,84.6267318725586,111.332489013672
01/01/2014 00:18:55,84.3553314208984,111.217445373535
01/01/2014 00:18:56,84.2526397705078,111.165855407715
01/01/2014 00:18:57,84.0851058959961,111.105850219727
01/01/2014 00:18:58,83.9249038696289,111.077789306641
01/01/2014 00:18:59,83.7324371337891,110.94962310791
01/01/2014 00:19:00,83.5105056762695,110.855987548828
01/01/2014 00:19:01,83.4073638916016,110.831733703613
01/01/2014 00:19:02,83.2191696166992,110.720504760742
01/01/2014 00:19:03,83.0421905517578,110.574317932129
01/01/2014 00:19:04,82.9093246459961,110.435127258301
01/01/2014 00:19:05,82.8080291748047,110.316032409668
01/01/2014 00:19:06,82.6496887207031,110.21053314209
01/01/2014 00:19:07,82.5613250732422,110.107963562012
01/01/2014 00:19:08,82.3591613769531,110.002212524414
01/01/2014 00:19:09,82.0997924804688,109.827781677246
01/01/2014 00:19:10,81.7752990722656,109.66316986084
01/01/2014 00:19:11,81.6154632568359,109.534790039063
01/01/2014 00:19:12,81.6174392700195,109.432121276855
01/01/2014 00:19:13,81.4251403808594,109.335670471191
01/01/2014 00:19:14,81.1368026733398,109.233779907227
01/01/2014 00:19:15,80.7845001220703,109.060005187988
01/01/2014 00:19:16,80.678596496582,108.95922088623
01/01/2014 00:19:17,80.541618347168,108.818077087402
01/01/2014 00:19:18,80.2780532836914,108.678741455078
01/01/2014 00:19:19,79.9882507324219,108.492576599121
01/01/2014 00:19:20,79.7937240600586,108.33211517334
01/01/2014 00:19:21,79.6881332397461,108.211959838867
01/01/2014 00:19:22,79.4866790771484,108.114334106445
01/01/2014 00:19:23,79.1700897216797,108.018646240234
01/01/2014 00:19:24,78.928108215332,107.915313720703
01/01/2014 00:19:25,78.8594360351563,107.869789123535
01/01/2014 00:19:26,78.7077484130859,107.809951782227
01/01/2014 00:19:27,78.4817199707031,107.649787902832
01/01/2014 00:19:28,78.1638717651367,107.413177490234
01/01/2014 00:19:29,77.9309310913086,107.284744262695
01/01/2014 00:19:30,77.7404632568359,107.146690368652
01/01/2014 00:19:31,77.4851226806641,106.956367492676
01/01/2014 00:19:32,77.2240142822266,106.727088928223
01/01/2014 00:19:33,77.1145248413086,106.617057800293
01/01/2014 00:19:34,76.9371948242188,106.491081237793
01/01/2014 00:19:35,76.5771179199219,106.238250732422
01/01/2014 00:19:36,76.2246856689453,106.017608642578
01/01/2014 00:19:37,76.1481094360352,105.940292358398
01/01/2014 00:19:38,76.0352401733398,105.837631225586
01/01/2014 00:19:39,75.7794342041016,105.720245361328
01/01/2014 00:19:40,75.4860992431641,105.53630065918
01/01/2014 00:19:41,75.3503723144531,105.433532714844
01/01/2014 00:19:42,75.2944717407227,105.424674987793
01/01/2014 00:19:43,74.9799194335938,105.200073242188
01/01/2014 00:19:44,74.6150207519531,104.889678955078
01/01/2014 00:19:45,74.3797988891602,104.727142333984
01/01/2014 00:19:46,74.2716217041016,104.65625
01/01/2014 00:19:47,74.0198745727539,104.340400695801
01/01/2014 00:19:48,73.7928237915039,104.045455932617
01/01/2014 00:19:49,73.7098083496094,103.8681640625
01/01/2014 00:19:50,73.7348403930664,103.713943481445
01/01/2014 00:19:51,73.5948181152344,103.465530395508
01/01/2014 00:19:52,73.3399124145508,103.130348205566
01/01/2014 00:19:53,73.1882095336914,102.892379760742
01/01/2014 00:19:54,73.1683120727539,102.834632873535
01/01/2014 00:19:55,73.0196075439453,102.69026184082
01/01/2014 00:19:56,72.776008605957,102.400871276855
01/01/2014 00:19:57,72.5722732543945,102.092918395996
01/01/2014 00:19:58,72.5050430297852,101.958961486816
01/01/2014 00:19:59,72.3388442993164,101.715896606445
01/01/2014 00:20:00,72.0354461669922,101.376800537109
01/01/2014 00:20:01,71.8546829223633,101.133422851563
01/01/2014 00:20:02,71.7659759521484,101.07283782959
01/01/2014 00:20:03,71.5078430175781,100.798614501953
01/01/2014 00:20:04,71.2027053833008,100.598472595215
01/01/2014 00:20:05,71.058235168457,100.417007446289
01/01/2014 00:20:06,71.0000076293945,100.285354614258
01/01/2014 00:20:07,70.8817520141602,99.9922866821289
01/01/2014 00:20:08,70.6788711547852,99.611213684082
01/01/2014 00:20:09,70.560920715332,99.2890319824219
01/01/2014 00:20:10,70.4824981689453,99.181022644043
01/01/2014 00:20:11,70.4665451049805,99.0948257446289
01/01/2014 00:20:12,70.2261352539063,98.7440490722656
01/01/2014 00:20:13,69.9705505371094,98.2969818115234
01/01/2014 00:20:14,69.9243545532227,98.1389465332031
01/01/2014 00:20:15,69.8615493774414,97.9980621337891
01/01/2014 00:20:16,69.6992263793945,97.7526931762695
01/01/2014 00:20:17,69.4620590209961,97.4794082641602
01/01/2014 00:20:18,69.3340606689453,97.2909774780273
01/01/2014 00:20:19,69.2614593505859,97.1836090087891
01/01/2014 00:20:20,69.1246643066406,96.913330078125
01/01/2014 00:20:21,68.9124526977539,96.5409927368164
01/01/2014 00:20:22,68.6647186279297,96.2815017700195
01/01/2014 00:20:23,68.5485076904297,96.2213439941406
01/01/2014 00:20:24,68.4250411987305,96.0189437866211
01/01/2014 00:20:25,68.1768035888672,95.6180648803711
01/01/2014 00:20:26,67.9588928222656,95.3073120117188
01/01/2014 00:20:27,67.881950378418,95.216796875
01/01/2014 00:20:28,67.8433303833008,95.0753936767578
01/01/2014 00:20:29,67.7134704589844,94.8018951416016
01/01/2014 00:20:30,67.6227645874023,94.5057525634766
01/01/2014 00:20:31,67.6016159057617,94.3749694824219
01/01/2014 00:20:32,67.6214752197266,94.3242874145508
01/01/2014 00:20:33,67.4518280029297,94.0768585205078
01/01/2014 00:20:34,67.10986328125,93.7000198364258
01/01/2014 00:20:35,66.8340148925781,93.2977142333984
01/01/2014 00:20:36,66.6830978393555,93.1222229003906
01/01/2014 00:20:37,66.6724319458008,93.0784072875977
01/01/2014 00:20:38,66.4661102294922,92.8549575805664
01/01/2014 00:20:39,66.2363204956055,92.4949722290039
01/01/2014 00:20:40,66.0675506591797,92.2264099121094
01/01/2014 00:20:41,65.9584808349609,92.1537322998047
01/01/2014 00:20:42,65.8084716796875,92.0745391845703
01/01/2014 00:20:43,65.6003952026367,91.9096221923828
01/01/2014 00:20:44,65.2965927124023,91.6770629882813
01/01/2014 00:20:45,65.0678100585938,91.5538940429688
01/01/2014 00:20:46,64.8749847412109,91.6131286621094
01/01/2014 00:20:47,64.8106307983398,91.6473770141602
01/01/2014 00:20:48,64.5774459838867,91.5214309692383
01/01/2014 00:20:49,64.2178955078125,91.274299621582
01/01/2014 00:20:50,63.953685760498,91.0583267211914
01/01/2014 00:20:51,63.8195304870605,90.9825057983398
01/01/2014 00:20:52,63.7529754638672,90.879150390625
01/01/2014 00:20:53,63.6236572265625,90.6957092285156
01/01/2014 00:20:54,63.4799880981445,90.5227279663086
01/01/2014 00:20:55,63.2854118347168,90.3911743164063
01/01/2014 00:20:56,63.1198310852051,90.2893371582031
01/01/2014 00:20:57,62.9989242553711,90.2597427368164
01/01/2014 00:20:58,62.9027786254883,90.2123718261719
01/01/2014 00:20:59,62.7437438964844,89.9910202026367
01/01/2014 00:21:00,62.5229568481445,89.6990966796875
01/01/2014 00:21:01,62.2773017883301,89.4855041503906
01/01/2014 00:21:02,62.1014442443848,89.3651504516602
01/01/2014 00:21:03,62.0579376220703,89.4188919067383
01/01/2014 00:21:04,61.9646377563477,89.3826141357422
01/01/2014 00:21:05,61.8410606384277,89.2659378051758
01/01/2014 00:21:06,61.7779426574707,89.1202087402344
01/01/2014 00:21:07,61.6471061706543,88.9187545776367
01/01/2014 00:21:08,61.5007781982422,88.7483825683594
01/01/2014 00:21:09,61.4343910217285,88.5614929199219
01/01/2014 00:21:10,61.3750801086426,88.3482971191406
01/01/2014 00:21:11,61.2887763977051,88.0554275512695
01/01/2014 00:21:12,61.2422981262207,87.9674606323242
01/01/2014 00:21:13,61.3044395446777,88.1451873779297
01/01/2014 00:21:14,61.3744964599609,88.3270874023438
01/01/2014 00:21:15,61.4064826965332,88.4683074951172
01/01/2014 00:21:16,61.339111328125,88.5095443725586
01/01/2014 00:21:17,61.2058410644531,88.4854507446289
01/01/2014 00:21:18,61.0592613220215,88.4487609863281
01/01/2014 00:21:19,60.8639183044434,88.3636703491211
01/01/2014 00:21:20,60.698902130127,88.1791610717773
01/01/2014 00:21:21,60.7085227966309,88.0626754760742
01/01/2014 00:21:22,60.5894927978516,87.9779281616211
01/01/2014 00:21:23,60.2932624816895,87.8913040161133
01/01/2014 00:21:24,60.0341682434082,87.8549957275391
01/01/2014 00:21:25,59.8782386779785,87.8607482910156
01/01/2014 00:21:26,59.9863357543945,87.8803558349609
01/01/2014 00:21:27,60.2687454223633,87.9589614868164
01/01/2014 00:21:28,60.6507339477539,88.0802841186523
01/01/2014 00:21:29,60.9131660461426,88.0178375244141
01/01/2014 00:21:30,61.0366516113281,87.7870788574219
01/01/2014 00:21:31,60.9654388427734,87.4936141967773
01/01/2014 00:21:32,60.8563461303711,87.1528854370117
01/01/2014 00:21:33,60.7311820983887,86.7990875244141
01/01/2014 00:21:34,60.6732368469238,86.7134552001953
01/01/2014 00:21:35,60.6121711730957,86.5288467407227
01/01/2014 00:21:36,60.5858383178711,86.2827682495117
01/01/2014 00:21:37,60.5244102478027,85.8970947265625
01/01/2014 00:21:38,60.4199409484863,85.6167449951172
01/01/2014 00:21:39,60.3594245910645,85.4800567626953
01/01/2014 00:21:40,60.2877578735352,85.158561706543
01/01/2014 00:21:41,60.188907623291,84.6913528442383
01/01/2014 00:21:42,60.1372032165527,84.3750381469727
01/01/2014 00:21:43,60.0055885314941,84.1125564575195
01/01/2014 00:21:44,59.8539390563965,83.7025909423828
01/01/2014 00:21:45,59.7186317443848,83.3441543579102
01/01/2014 00:21:46,59.6698265075684,83.2831192016602
01/01/2014 00:21:47,59.620418548584,82.990852355957
01/01/2014 00:21:48,59.5350303649902,82.5814666748047
01/01/2014 00:21:49,59.485237121582,82.3005981445313
01/01/2014 00:21:50,59.4794158935547,82.1083526611328
01/01/2014 00:21:51,59.4301910400391,81.871223449707
01/01/2014 00:21:52,59.3921928405762,81.6257781982422
01/01/2014 00:21:53,59.316333770752,81.3270645141602
01/01/2014 00:21:54,59.2048110961914,81.0529098510742
01/01/2014 00:21:55,59.1444244384766,80.8207702636719
01/01/2014 00:21:56,59.0757598876953,80.483283996582
01/01/2014 00:21:57,58.979320526123,80.042121887207
01/01/2014 00:21:58,58.9283638000488,79.6888580322266
01/01/2014 00:21:59,58.9261169433594,79.5151138305664
01/01/2014 00:22:00,58.8154296875,79.1931304931641
01/01/2014 00:22:01,58.6606636047363,78.74072265625
01/01/2014 00:22:02,58.5790863037109,78.3718719482422
01/01/2014 00:22:03,58.6405181884766,78.1899642944336
01/01/2014 00:22:04,58.5946464538574,77.9325332641602
01/01/2014 00:22:05,58.4669303894043,77.5364532470703
01/01/2014 00:22:06,58.3809623718262,77.1224594116211
01/01/2014 00:22:07,58.3628196716309,76.8804016113281
01/01/2014 00:22:08,58.3183288574219,76.5921401977539
01/01/2014 00:22:09,58.2243957519531,76.2603073120117
01/01/2014 00:22:10,58.1655731201172,75.9765548706055
01/01/2014 00:22:11,58.2207221984863,75.8798751831055
01/01/2014 00:22:12,58.2901000976563,75.8520812988281
01/01/2014 00:22:13,58.2595291137695,75.7391891479492
01/01/2014 00:22:14,58.1411094665527,75.4633560180664
01/01/2014 00:22:15,57.9267425537109,75.0887222290039
01/01/2014 00:22:16,57.7994384765625,74.7647552490234
01/01/2014 00:22:17,57.6531829833984,74.587760925293
01/01/2014 00:22:18,57.5205345153809,74.5754470825195
01/01/2014 00:22:19,57.4068260192871,74.3784637451172
01/01/2014 00:22:20,57.3030738830566,74.0272674560547
01/01/2014 00:22:21,57.1348495483398,73.690185546875
01/01/2014 00:22:22,57.0393867492676,73.5576858520508
01/01/2014 00:22:23,56.9651985168457,73.4575119018555
01/01/2014 00:22:24,56.8786201477051,73.2350616455078
01/01/2014 00:22:25,56.7082710266113,72.8990173339844
01/01/2014 00:22:26,56.5391464233398,72.6496810913086
01/01/2014 00:22:27,56.4702682495117,72.5180969238281
01/01/2014 00:22:28,56.3533897399902,72.2529220581055
01/01/2014 00:22:29,56.220874786377,71.8947143554688
01/01/2014 00:22:30,56.0952262878418,71.6447219848633
01/01/2014 00:22:31,56.0464935302734,71.5216903686523
01/01/2014 00:22:32,55.9931831359863,71.3935470581055
01/01/2014 00:22:33,55.9045639038086,71.1442718505859
01/01/2014 00:22:34,55.7239761352539,70.7328109741211
01/01/2014 00:22:35,55.6121597290039,70.4326095581055
01/01/2014 00:22:36,55.5945014953613,70.2902221679688
01/01/2014 00:22:37,55.4961395263672,70.1019287109375
01/01/2014 00:22:38,55.2929306030273,69.876106262207
01/01/2014 00:22:39,55.1016807556152,69.5734481811523
01/01/2014 00:22:40,55.0281295776367,69.3528900146484
01/01/2014 00:22:41,54.9813652038574,69.1663436889648
01/01/2014 00:22:42,54.7785491943359,68.8442687988281
01/01/2014 00:22:43,54.5015830993652,68.4619293212891
01/01/2014 00:22:44,54.2926635742188,68.2154693603516
01/01/2014 00:22:45,54.1699981689453,68.1052398681641
01/01/2014 00:22:46,54.025318145752,67.9212875366211
01/01/2014 00:22:47,53.8271827697754,67.6209564208984
01/01/2014 00:22:48,53.6590957641602,67.385124206543
01/01/2014 00:22:49,53.5375938415527,67.3148422241211
01/01/2014 00:22:50,53.3771133422852,67.159309387207
01/01/2014 00:22:51,53.2304153442383,66.930778503418
01/01/2014 00:22:52,52.9812660217285,66.6773300170898
01/01/2014 00:22:53,52.7721519470215,66.4982604980469
01/01/2014 00:22:54,52.6379127502441,66.325569152832
01/01/2014 00:22:55,52.6135635375977,66.1924591064453
01/01/2014 00:22:56,52.5837783813477,66.089225769043
01/01/2014 00:22:57,52.4395866394043,65.9293746948242
01/01/2014 00:22:58,52.2686233520508,65.7108306884766
01/01/2014 00:22:59,52.1875038146973,65.5970916748047
01/01/2014 00:23:00,52.1262092590332,65.5285568237305
01/01/2014 00:23:01,51.9145774841309,65.3243637084961
01/01/2014 00:23:02,51.6363372802734,65.0551986694336
01/01/2014 00:23:03,51.429988861084,64.7883682250977
01/01/2014 00:23:04,51.374828338623,64.6149978637695
01/01/2014 00:23:05,51.3493537902832,64.517333984375
01/01/2014 00:23:06,51.0915870666504,64.3785781860352
01/01/2014 00:23:07,50.6959228515625,64.2399291992188
01/01/2014 00:23:08,50.4121589660645,64.0533447265625
01/01/2014 00:23:09,50.3416557312012,63.9571342468262
01/01/2014 00:23:10,50.3353424072266,63.8898658752441
01/01/2014 00:23:11,50.0995979309082,63.8092727661133
01/01/2014 00:23:12,49.8438873291016,63.705867767334
01/01/2014 00:23:13,49.5361747741699,63.524341583252
01/01/2014 00:23:14,49.3886032104492,63.3529510498047
01/01/2014 00:23:15,49.3288841247559,63.221923828125
01/01/2014 00:23:16,49.2106819152832,63.1847267150879
01/01/2014 00:23:17,49.0084533691406,63.2079620361328
01/01/2014 00:23:18,48.7612686157227,63.2422866821289
01/01/2014 00:23:19,48.6414222717285,63.2609176635742
01/01/2014 00:23:20,48.7093658447266,63.2621231079102
01/01/2014 00:23:21,49.008903503418,63.2554664611816
01/01/2014 00:23:22,49.2916641235352,63.1846389770508
01/01/2014 00:23:23,49.4656600952148,62.9346389770508
01/01/2014 00:23:24,49.3626747131348,62.5639495849609
01/01/2014 00:23:25,49.2067947387695,62.3623695373535
01/01/2014 00:23:26,49.1211471557617,62.2192993164063
01/01/2014 00:23:27,48.9850730895996,61.989990234375
01/01/2014 00:23:28,48.9085655212402,61.7956657409668
01/01/2014 00:23:29,48.836742401123,61.6005516052246
01/01/2014 00:23:30,48.7443237304688,61.4553070068359
01/01/2014 00:23:31,48.6979637145996,61.3513107299805
01/01/2014 00:23:32,48.6329650878906,61.0012016296387
01/01/2014 00:23:33,48.5337791442871,60.4971122741699
01/01/2014 00:23:34,48.4790649414063,60.1622695922852
01/01/2014 00:23:35,48.4099884033203,60.0943336486816
01/01/2014 00:23:36,48.4406318664551,59.9164695739746
01/01/2014 00:23:37,48.4292411804199,59.5389099121094
01/01/2014 00:23:38,48.4073219299316,59.1723518371582
01/01/2014 00:23:39,48.4588851928711,59.0913543701172
01/01/2014 00:23:40,48.5101852416992,58.9806594848633
01/01/2014 00:23:41,48.531120300293,58.6635704040527
01/01/2014 00:23:42,48.5272521972656,58.2541961669922
01/01/2014 00:23:43,48.5803642272949,58.0483932495117
01/01/2014 00:23:44,48.6255302429199,57.9177284240723
01/01/2014 00:23:45,48.640796661377,57.6354598999023
01/01/2014 00:23:46,48.6347961425781,57.2628479003906
01/01/2014 00:23:47,48.623607635498,56.943172454834
01/01/2014 00:23:48,48.5520172119141,56.7688751220703
01/01/2014 00:23:49,48.4978675842285,56.5623893737793
01/01/2014 00:23:50,48.4828071594238,56.3347282409668
01/01/2014 00:23:51,48.4277954101563,56.038028717041
01/01/2014 00:23:52,48.3888320922852,55.8231086730957
01/01/2014 00:23:53,48.3145637512207,55.7036170959473
01/01/2014 00:23:54,48.3344802856445,55.434253692627
01/01/2014 00:23:55,48.381290435791,55.0027732849121
01/01/2014 00:23:56,48.3466567993164,54.6295051574707
01/01/2014 00:23:57,48.2990341186523,54.4353828430176
01/01/2014 00:23:58,48.2092971801758,54.3643646240234
01/01/2014 00:23:59,48.2200775146484,54.1262435913086
01/01/2014 00:24:00,48.2657356262207,53.765380859375
01/01/2014 00:24:01,48.2339057922363,53.4372367858887
01/01/2014 00:24:02,48.1890563964844,53.1862983703613
01/01/2014 00:24:03,48.1653137207031,53.0501480102539
01/01/2014 00:24:04,48.1642379760742,52.8467674255371
01/01/2014 00:24:05,48.1730918884277,52.541130065918
01/01/2014 00:24:06,48.1807975769043,52.1143035888672
01/01/2014 00:24:07,48.248363494873,51.8246078491211
01/01/2014 00:24:08,48.4303817749023,51.6971473693848
01/01/2014 00:24:09,48.5520095825195,51.5167922973633
01/01/2014 00:24:10,48.5771331787109,51.3562316894531
01/01/2014 00:24:11,48.5478477478027,51.2336082458496
01/01/2014 00:24:12,48.5135116577148,50.9393768310547
01/01/2014 00:24:13,48.5622291564941,50.6833915710449
01/01/2014 00:24:14,48.616283416748,50.5291938781738
01/01/2014 00:24:15,48.6406517028809,50.3130760192871
01/01/2014 00:24:16,48.6384696960449,50.0043907165527
01/01/2014 00:24:17,48.6266822814941,49.5802879333496
01/01/2014 00:24:18,48.5530319213867,49.2940788269043
01/01/2014 00:24:19,48.4974403381348,49.1683578491211
01/01/2014 00:24:20,48.5469131469727,48.9880065917969
01/01/2014 00:24:21,48.6103134155273,48.6321105957031
01/01/2014 00:24:22,48.7069091796875,48.2194709777832
01/01/2014 00:24:23,48.6952819824219,47.9620361328125
01/01/2014 00:24:24,48.7109870910645,47.855224609375
01/01/2014 00:24:25,48.793514251709,47.5488319396973
01/01/2014 00:24:26,48.9196586608887,47.0817680358887
01/01/2014 00:24:27,48.924430847168,46.8242416381836
01/01/2014 00:24:28,48.876594543457,46.7396812438965
01/01/2014 00:24:29,48.9651336669922,46.4515838623047
01/01/2014 00:24:30,49.1222763061523,46.1201477050781
01/01/2014 00:24:31,49.2148895263672,45.8366508483887
01/01/2014 00:24:32,49.3561553955078,45.7400169372559
01/01/2014 00:24:33,49.4989433288574,45.6472854614258
01/01/2014 00:24:34,49.6230163574219,45.2864799499512
01/01/2014 00:24:35,49.7959861755371,44.8338623046875
01/01/2014 00:24:36,49.8870048522949,44.6105155944824
01/01/2014 00:24:37,49.9556007385254,44.418327331543
01/01/2014 00:24:38,49.9745407104492,44.0927696228027
01/01/2014 00:24:39,50.0268135070801,43.7098808288574
01/01/2014 00:24:40,50.0619316101074,43.5292816162109
01/01/2014 00:24:41,50.1341743469238,43.2138175964355
01/01/2014 00:24:42,50.1790428161621,42.7695770263672
01/01/2014 00:24:43,50.1213455200195,42.3398818969727
01/01/2014 00:24:44,50.0555992126465,42.1695671081543
01/01/2014 00:24:45,50.0901985168457,41.9466171264648
01/01/2014 00:24:46,50.2104301452637,41.6389389038086
01/01/2014 00:24:47,50.2300148010254,41.3482093811035
01/01/2014 00:24:48,50.1967582702637,41.2358932495117
01/01/2014 00:24:49,50.2263069152832,41.0035171508789
01/01/2014 00:24:50,50.2641983032227,40.6643104553223
01/01/2014 00:24:51,50.2182922363281,40.3515815734863
01/01/2014 00:24:52,50.1650810241699,40.0395317077637
01/01/2014 00:24:53,50.1402549743652,39.8469161987305
01/01/2014 00:24:54,50.2714614868164,39.5574035644531
01/01/2014 00:24:55,50.3892974853516,39.2691345214844
01/01/2014 00:24:56,50.4970321655273,38.8918914794922
01/01/2014 00:24:57,50.5370788574219,38.6357574462891
01/01/2014 00:24:58,50.5906181335449,38.3208694458008
01/01/2014 00:24:59,50.6181144714355,37.9080924987793
01/01/2014 00:25:00,50.6835861206055,37.56884765625
01/01/2014 00:25:01,50.7260208129883,37.3300971984863
01/01/2014 00:25:02,50.7339820861816,37.0787544250488
01/01/2014 00:25:03,50.7231063842773,36.8407363891602
01/01/2014 00:25:04,50.8406600952148,36.4890594482422
01/01/2014 00:25:05,50.9415740966797,36.1684150695801
01/01/2014 00:25:06,50.976146697998,35.9847297668457
01/01/2014 00:25:07,51.1577339172363,35.770938873291
01/01/2014 00:25:08,51.3574142456055,35.5411376953125
01/01/2014 00:25:09,51.5116271972656,35.310546875
01/01/2014 00:25:10,51.5562400817871,35.2156257629395
01/01/2014 00:25:11,51.5295791625977,35.102596282959
01/01/2014 00:25:12,51.748893737793,34.789306640625
01/01/2014 00:25:13,52.0046501159668,34.3840026855469
01/01/2014 00:25:14,52.189395904541,34.1151123046875
01/01/2014 00:25:15,52.3009300231934,34.0607604980469
01/01/2014 00:25:16,52.4463958740234,33.8669853210449
01/01/2014 00:25:17,52.5848655700684,33.5356750488281
01/01/2014 00:25:18,52.7685508728027,33.2135848999023
01/01/2014 00:25:19,52.8624534606934,33.0203590393066
01/01/2014 00:25:20,52.9290161132813,32.8642082214355
01/01/2014 00:25:21,53.0099830627441,32.5558662414551
01/01/2014 00:25:22,53.1139793395996,32.237190246582
01/01/2014 00:25:23,53.2309646606445,32.0373420715332
01/01/2014 00:25:24,53.3491592407227,31.8743553161621
01/01/2014 00:25:25,53.4630165100098,31.5631237030029
01/01/2014 00:25:26,53.5728187561035,31.2448787689209
01/01/2014 00:25:27,53.6810760498047,30.9168243408203
01/01/2014 00:25:28,53.724853515625,30.713342666626
01/01/2014 00:25:29,53.7812347412109,30.3566074371338
01/01/2014 00:25:30,53.8744049072266,30.0825138092041
01/01/2014 00:25:31,53.9925956726074,29.8093509674072
01/01/2014 00:25:32,54.0513496398926,29.6327972412109
01/01/2014 00:25:33,54.1159362792969,29.4702548980713
01/01/2014 00:25:34,54.2097053527832,29.2147006988525
01/01/2014 00:25:35,54.260139465332,28.7473373413086
01/01/2014 00:25:36,54.2630577087402,28.3389663696289
01/01/2014 00:25:37,54.244758605957,28.0658874511719
01/01/2014 00:25:38,54.3582916259766,27.7498683929443
01/01/2014 00:25:39,54.4589538574219,27.4079895019531
01/01/2014 00:25:40,54.5598411560059,27.1273803710938
01/01/2014 00:25:41,54.6013259887695,27.0373954772949
01/01/2014 00:25:42,54.6588439941406,26.8840656280518
01/01/2014 00:25:43,54.7538948059082,26.6654281616211
01/01/2014 00:25:44,54.8731575012207,26.4191951751709
01/01/2014 00:25:45,54.9968910217285,26.1771125793457
01/01/2014 00:25:46,55.1143569946289,26.0146293640137
01/01/2014 00:25:47,55.224853515625,25.8508796691895
01/01/2014 00:25:48,55.3321914672852,25.5885639190674
01/01/2014 00:25:49,55.4398078918457,25.2458953857422
01/01/2014 00:25:50,55.6138153076172,24.94260597229
01/01/2014 00:25:51,55.7773132324219,24.7045936584473
01/01/2014 00:25:52,55.8400726318359,24.4391098022461
01/01/2014 00:25:53,55.8893661499023,24.2540531158447
01/01/2014 00:25:54,55.968936920166,24.0165100097656
01/01/2014 00:25:55,56.0788764953613,23.8326549530029
01/01/2014 00:25:56,56.2013092041016,23.649507522583
01/01/2014 00:25:57,56.321533203125,23.3800430297852
01/01/2014 00:25:58,56.3699531555176,23.1043395996094
01/01/2014 00:25:59,56.4252281188965,22.8589286804199
01/01/2014 00:26:00,56.4507179260254,22.7058029174805
01/01/2014 00:26:01,56.5138320922852,22.4862251281738
01/01/2014 00:26:02,56.6200294494629,22.2391376495361
01/01/2014 00:26:03,56.6812705993652,22.0616111755371
01/01/2014 00:26:04,56.6879539489746,21.9524459838867
01/01/2014 00:26:05,56.7980575561523,21.8059616088867
01/01/2014 00:26:06,56.8856544494629,21.6656818389893
01/01/2014 00:26:07,57.042106628418,21.5458068847656
01/01/2014 00:26:08,57.2642784118652,21.5049991607666
01/01/2014 00:26:09,57.5770072937012,21.3909492492676
01/01/2014 00:26:10,57.8073272705078,21.3141136169434
01/01/2014 00:26:11,57.9977493286133,21.1681118011475
01/01/2014 00:26:12,58.0595054626465,21.0798416137695
01/01/2014 00:26:13,58.1618003845215,21.1970596313477
01/01/2014 00:26:14,58.4150161743164,21.1997013092041
01/01/2014 00:26:15,58.6456832885742,21.1537799835205
01/01/2014 00:26:16,58.7959365844727,21.0501461029053
01/01/2014 00:26:17,58.889461517334,21.048828125
01/01/2014 00:26:18,58.9045562744141,21.0902614593506
01/01/2014 00:26:19,58.9434471130371,21.2545433044434
01/01/2014 00:26:20,59.0989112854004,21.4372100830078
01/01/2014 00:26:21,59.2753829956055,21.5845642089844
01/01/2014 00:26:22,59.2266540527344,21.5656566619873
01/01/2014 00:26:23,58.9196586608887,21.4248161315918
01/01/2014 00:26:24,58.6228866577148,21.3170166015625
01/01/2014 00:26:25,58.4404602050781,21.4809665679932
01/01/2014 00:26:26,58.4125289916992,21.5948352813721
01/01/2014 00:26:27,58.3995780944824,21.7507514953613
01/01/2014 00:26:28,58.3355407714844,21.8968372344971
01/01/2014 00:26:29,58.2234344482422,22.0176086425781
01/01/2014 00:26:30,58.0928535461426,22.1865158081055
01/01/2014 00:26:31,58.0317039489746,22.3404293060303
01/01/2014 00:26:32,58.0999717712402,22.1379299163818
01/01/2014 00:26:33,58.2459487915039,21.7788906097412
01/01/2014 00:26:34,58.3377113342285,21.4376316070557
01/01/2014 00:26:35,58.2882423400879,21.3049259185791
01/01/2014 00:26:36,58.2748832702637,21.400915145874
01/01/2014 00:26:37,58.154468536377,21.6638603210449
01/01/2014 00:26:38,57.9314041137695,21.9050998687744
01/01/2014 00:26:39,57.6680374145508,21.9951610565186
01/01/2014 00:26:40,57.4137115478516,22.0998363494873
01/01/2014 00:26:41,57.2482109069824,22.1487712860107
01/01/2014 00:26:42,56.9572639465332,22.2108554840088
01/01/2014 00:26:43,56.6566925048828,22.3065910339355
01/01/2014 00:26:44,56.3996925354004,22.4245452880859
01/01/2014 00:26:45,56.1823883056641,22.3523025512695
01/01/2014 00:26:46,55.9149055480957,22.309513092041
01/01/2014 00:26:47,55.6548385620117,22.3689136505127
01/01/2014 00:26:48,55.4214477539063,22.4352054595947
01/01/2014 00:26:49,55.2068939208984,22.4652290344238
01/01/2014 00:26:50,54.9968566894531,22.46266746521
01/01/2014 00:26:51,54.6530532836914,22.5131206512451
01/01/2014 00:26:52,54.3922576904297,22.5555686950684
01/01/2014 00:26:53,54.1895751953125,22.6345710754395
01/01/2014 00:26:54,54.0653915405273,22.6171054840088
01/01/2014 00:26:55,53.9169082641602,22.5703639984131
01/01/2014 00:26:56,53.6514015197754,22.6040515899658
01/01/2014 00:26:57,53.4295997619629,22.6508674621582
01/01/2014 00:26:58,53.2267875671387,22.6754589080811
01/01/2014 00:26:59,53.0216331481934,22.741304397583
01/01/2014 00:27:00,52.8067588806152,22.7203674316406
01/01/2014 00:27:01,52.5848770141602,22.676176071167
01/01/2014 00:27:02,52.4909744262695,22.7133808135986
01/01/2014 00:27:03,52.3103370666504,22.762035369873
01/01/2014 00:27:04,52.1357727050781,22.8515663146973
01/01/2014 00:27:05,51.8071594238281,22.905065536499
01/01/2014 00:27:06,51.4145317077637,22.8473567962646
01/01/2014 00:27:07,51.0974502563477,22.7780609130859
01/01/2014 00:27:08,50.8037414550781,22.6151332855225
01/01/2014 00:27:09,50.5630912780762,22.509880065918
01/01/2014 00:27:10,50.2266426086426,22.4903621673584
